Beneficiary ID,Age,Gender,State,Program Category,Enrollment Date,Completion Status,Attendance Percentage,Funds Allocated,Funds Utilized,Donor Type,Satisfaction Score,Enrollment Year,Completion Success
BEN-0001,56,Female,Uttar Pradesh,Education,2025-08-02,Completed,51,20000,15688.66,Individual,1,2025,1
BEN-0002,46,Female,Uttar Pradesh,Education,2022-08-17,Completed,79,20000,16348.86,Individual,5,2022,1
BEN-0003,32,Male,Delhi,Skill Development,2022-02-21,Completed,69,20000,15893.94,Corporate,2,2022,1
BEN-0004,25,Female,Karnataka,Education,2023-07-18,Completed,87,15000,12445.35,Individual,4,2023,1
BEN-0005,38,Male,West Bengal,Education,2023-05-17,Completed,77,5000,3963.35,Corporate,4,2023,1
BEN-0006,56,Male,Uttar Pradesh,Education,2023-04-03,Completed,74,5000,3839.46,Corporate,5,2023,1
BEN-0007,36,Male,Delhi,Women Empowerment,2022-10-13,Ongoing,81,20000,19755.77,Individual,2,2022,0
BEN-0008,40,Male,Delhi,Education,2022-07-29,Completed,59,5000,4642.57,CSR,4,2022,1
BEN-0009,28,Male,Delhi,Women Empowerment,2025-10-17,Dropped Out,91,5000,4986.36,None,2,2025,0
BEN-0010,28,Male,Karnataka,Education,2025-01-21,Completed,89,10000,10263.58,Individual,2,2025,1
BEN-0011,41,Female,West Bengal,Education,2022-06-28,Completed,82,5000,4408.73,CSR,4,2022,1
BEN-0012,53,Female,Karnataka,Skill Development,2025-04-24,Completed,62,10000,8906.09,None,1,2025,1
BEN-0013,57,Female,Maharashtra,Women Empowerment,2024-05-14,Completed,90,5000,4206.14,Corporate,4,2024,1
BEN-0014,41,Female,Delhi,Education,2022-03-07,Completed,91,15000,13061.29,None,5,2022,1
BEN-0015,20,Male,Maharashtra,Women Empowerment,2022-03-03,Ongoing,96,20000,16633.48,Corporate,3,2022,0
BEN-0016,39,Male,Uttar Pradesh,Women Empowerment,2022-07-11,Completed,86,10000,9119.94,CSR,4,2022,1
BEN-0017,19,Female,Uttar Pradesh,Health Awareness,2023-03-24,Ongoing,65,20000,17626.55,Individual,2,2023,0
BEN-0018,41,Female,Karnataka,Skill Development,2023-04-22,Completed,94,10000,9294.11,None,2,2023,1
BEN-0019,47,Female,West Bengal,Skill Development,2024-10-31,Completed,71,10000,10168.27,None,4,2024,1
BEN-0020,55,Male,Maharashtra,Skill Development,2025-05-17,Completed,69,10000,9703.6,Individual,3,2025,1
BEN-0021,19,Male,West Bengal,Health Awareness,2022-02-24,Completed,99,15000,13966.71,Corporate,4,2022,1
BEN-0022,38,Female,Karnataka,Health Awareness,2025-02-23,Completed,92,5000,3788.8,None,3,2025,1
BEN-0023,50,Male,Uttar Pradesh,Skill Development,2023-02-12,Completed,76,10000,8186.77,Corporate,3,2023,1
BEN-0024,29,Male,West Bengal,Health Awareness,2025-08-23,Completed,90,15000,14284.34,CSR,5,2025,1
BEN-0025,39,Female,West Bengal,Health Awareness,2025-12-07,Completed,65,10000,10081.55,None,2,2025,1
BEN-0026,42,Male,Uttar Pradesh,Health Awareness,2025-01-21,Completed,83,5000,4630.68,None,2,2025,1
BEN-0027,44,Male,Maharashtra,Skill Development,2024-05-09,Dropped Out,81,10000,7562.24,CSR,3,2024,0
BEN-0028,59,Female,Uttar Pradesh,Skill Development,2023-03-28,Completed,75,15000,14691.42,None,2,2023,1
BEN-0029,45,Female,West Bengal,Skill Development,2024-07-08,Dropped Out,74,5000,4982.13,None,1,2024,0
BEN-0030,33,Female,Maharashtra,Health Awareness,2025-04-21,Dropped Out,51,15000,13843.11,Corporate,3,2025,0
BEN-0031,32,Female,Maharashtra,Skill Development,2023-07-24,Dropped Out,61,5000,4894.66,Corporate,2,2023,0
BEN-0032,20,Male,Uttar Pradesh,Health Awareness,2022-01-14,Completed,89,5000,4012.79,Corporate,1,2022,1
BEN-0033,54,Male,West Bengal,Education,2022-11-23,Completed,58,20000,18113.78,None,5,2022,1
BEN-0034,24,Female,Karnataka,Health Awareness,2025-11-30,Ongoing,61,20000,17653.38,None,2,2025,0
BEN-0035,38,Female,West Bengal,Women Empowerment,2024-05-15,Completed,75,20000,16668.94,Individual,1,2024,1
BEN-0036,26,Female,Delhi,Skill Development,2023-11-28,Completed,58,5000,5245.42,None,4,2023,1
BEN-0037,56,Female,Karnataka,Skill Development,2023-07-24,Completed,59,10000,8807.65,Corporate,4,2023,1
BEN-0038,35,Male,Maharashtra,Women Empowerment,2022-11-15,Completed,81,15000,14914.1,Individual,1,2022,1
BEN-0039,21,Female,Karnataka,Health Awareness,2023-03-17,Completed,83,15000,15610.75,CSR,3,2023,1
BEN-0040,42,Female,Maharashtra,Education,2023-11-21,Completed,97,15000,13365.05,Corporate,3,2023,1
BEN-0041,31,Female,Maharashtra,Women Empowerment,2022-07-29,Dropped Out,69,20000,17450.09,None,2,2022,0
BEN-0042,26,Male,Karnataka,Women Empowerment,2022-07-09,Completed,88,5000,4231.59,Individual,4,2022,1
BEN-0043,43,Female,Maharashtra,Health Awareness,2024-02-18,Ongoing,51,20000,15627.6,None,3,2024,0
BEN-0044,19,Male,Maharashtra,Skill Development,2022-07-18,Completed,50,10000,7982.47,CSR,3,2022,1
BEN-0045,37,Female,Delhi,Health Awareness,2024-01-06,Completed,85,5000,4367.47,Individual,4,2024,1
BEN-0046,45,Male,West Bengal,Women Empowerment,2023-12-06,Completed,73,15000,13479.61,None,5,2023,1
BEN-0047,24,Male,West Bengal,Women Empowerment,2025-05-21,Completed,76,20000,18975.5,CSR,3,2025,1
BEN-0048,25,Female,Delhi,Skill Development,2023-06-26,Ongoing,51,20000,17402.71,Individual,1,2023,0
BEN-0049,52,Female,Karnataka,Skill Development,2022-03-30,Completed,80,10000,9781.5,Corporate,2,2022,1
BEN-0050,31,Male,Uttar Pradesh,Skill Development,2024-07-29,Completed,63,10000,7610.09,None,3,2024,1
BEN-0051,34,Male,Uttar Pradesh,Health Awareness,2025-01-03,Completed,51,20000,15528.36,Corporate,3,2025,1
BEN-0052,53,Female,Uttar Pradesh,Skill Development,2022-09-13,Completed,78,10000,8257.2,Individual,5,2022,1
BEN-0053,57,Female,Delhi,Women Empowerment,2024-02-15,Completed,64,15000,11771.65,Individual,1,2024,1
BEN-0054,21,Male,Delhi,Women Empowerment,2022-06-11,Completed,61,10000,9817.64,Individual,2,2022,1
BEN-0055,19,Male,Maharashtra,Education,2025-02-04,Completed,86,10000,10094.73,None,3,2025,1
BEN-0056,23,Female,Uttar Pradesh,Health Awareness,2023-08-24,Dropped Out,77,20000,19949.56,Corporate,2,2023,0
BEN-0057,59,Male,Karnataka,Education,2025-07-11,Completed,69,20000,15006.91,Individual,4,2025,1
BEN-0058,21,Female,Karnataka,Women Empowerment,2025-06-20,Completed,88,5000,5054.05,Individual,3,2025,1
BEN-0059,46,Male,Uttar Pradesh,Education,2024-01-11,Completed,73,5000,4442.96,Corporate,3,2024,1
BEN-0060,35,Female,Uttar Pradesh,Women Empowerment,2025-03-28,Dropped Out,70,20000,15325.22,None,4,2025,0
BEN-0061,43,Female,Uttar Pradesh,Education,2023-01-29,Completed,59,10000,9055.32,Corporate,5,2023,1
BEN-0062,51,Female,Delhi,Skill Development,2025-12-13,Completed,95,10000,9367.9,None,3,2025,1
BEN-0063,27,Male,Delhi,Education,2022-05-23,Completed,63,5000,4497.74,Corporate,2,2022,1
BEN-0064,53,Female,Delhi,Skill Development,2022-04-04,Ongoing,86,5000,4413.06,Individual,1,2022,0
BEN-0065,31,Female,West Bengal,Skill Development,2025-09-16,Completed,67,5000,3827.42,None,2,2025,1
BEN-0066,48,Female,Karnataka,Health Awareness,2023-04-12,Dropped Out,73,15000,12451.75,Corporate,5,2023,0
BEN-0067,32,Female,Karnataka,Skill Development,2023-08-16,Completed,63,15000,11839.56,None,1,2023,1
BEN-0068,25,Other,Maharashtra,Skill Development,2022-06-13,Completed,83,5000,4182.04,None,2,2022,1
BEN-0069,31,Female,Delhi,Education,2023-04-22,Dropped Out,61,10000,10142.54,Individual,2,2023,0
BEN-0070,40,Male,West Bengal,Women Empowerment,2022-07-26,Completed,71,5000,4477.07,Individual,4,2022,1
BEN-0071,57,Male,West Bengal,Health Awareness,2024-02-18,Dropped Out,55,15000,11379.91,None,5,2024,0
BEN-0072,38,Female,Karnataka,Skill Development,2023-07-24,Ongoing,85,10000,9390.07,Individual,4,2023,0
BEN-0073,33,Female,Delhi,Health Awareness,2024-07-17,Dropped Out,94,15000,14846.91,Individual,1,2024,0
BEN-0074,35,Female,Maharashtra,Education,2025-07-25,Completed,85,10000,9629.35,Individual,4,2025,1
BEN-0075,41,Female,Delhi,Skill Development,2024-01-18,Dropped Out,71,15000,12648.38,Individual,5,2024,0
BEN-0076,43,Female,Uttar Pradesh,Education,2022-11-30,Completed,63,10000,7541.02,None,3,2022,1
BEN-0077,42,Female,Delhi,Health Awareness,2024-01-29,Dropped Out,65,10000,8723.97,Individual,3,2024,0
BEN-0078,58,Male,Uttar Pradesh,Education,2023-12-29,Completed,85,10000,8174.1,Corporate,1,2023,1
BEN-0079,46,Female,Uttar Pradesh,Health Awareness,2023-03-06,Dropped Out,74,10000,10024.22,None,3,2023,0
BEN-0080,32,Female,Maharashtra,Education,2025-10-04,Completed,81,20000,15680.77,Corporate,4,2025,1
BEN-0081,18,Male,Karnataka,Health Awareness,2023-07-01,Completed,82,15000,15511.77,Individual,1,2023,1
BEN-0082,42,Female,Delhi,Women Empowerment,2025-12-08,Completed,94,15000,14164.69,None,5,2025,1
BEN-0083,24,Male,Uttar Pradesh,Education,2025-10-31,Dropped Out,85,20000,15923.83,Individual,1,2025,0
BEN-0084,26,Male,Delhi,Education,2025-08-20,Completed,69,10000,10297.96,None,1,2025,1
BEN-0085,41,Female,Karnataka,Women Empowerment,2022-05-27,Completed,67,10000,8375.58,None,2,2022,1
BEN-0086,18,Male,Karnataka,Women Empowerment,2025-06-01,Dropped Out,87,15000,14424.35,Corporate,2,2025,0
BEN-0087,25,Female,West Bengal,Education,2025-07-24,Completed,52,20000,17492.94,CSR,1,2025,1
BEN-0088,41,Female,Karnataka,Women Empowerment,2022-12-17,Completed,72,10000,8947.5,Corporate,3,2022,1
BEN-0089,28,Female,Maharashtra,Skill Development,2024-12-29,Completed,81,10000,8916.66,Corporate,2,2024,1
BEN-0090,34,Female,Uttar Pradesh,Health Awareness,2023-05-17,Completed,94,10000,8870.36,None,5,2023,1
BEN-0091,25,Male,West Bengal,Health Awareness,2022-12-01,Completed,65,5000,3966.96,None,4,2022,1
BEN-0092,52,Female,Maharashtra,Health Awareness,2024-08-04,Completed,54,20000,16143.66,Corporate,2,2024,1
BEN-0093,52,Female,Delhi,Skill Development,2024-02-17,Completed,53,10000,9298.13,None,1,2024,1
BEN-0094,50,Female,Uttar Pradesh,Women Empowerment,2023-07-07,Completed,70,5000,4869.44,None,3,2023,1
BEN-0095,22,Male,Karnataka,Women Empowerment,2025-08-03,Completed,89,20000,15819.05,None,4,2025,1
BEN-0096,59,Female,Uttar Pradesh,Education,2025-11-10,Completed,63,10000,7709.43,CSR,2,2025,1
BEN-0097,56,Male,Delhi,Women Empowerment,2025-02-14,Completed,88,15000,14727.04,Corporate,3,2025,1
BEN-0098,58,Female,West Bengal,Education,2023-03-26,Ongoing,80,5000,5031.62,Individual,3,2023,0
BEN-0099,45,Male,West Bengal,Skill Development,2025-11-03,Completed,63,5000,4259.81,None,3,2025,1
BEN-0100,24,Other,West Bengal,Health Awareness,2023-10-27,Completed,55,10000,9863.15,Individual,1,2023,1
BEN-0101,26,Male,Karnataka,Health Awareness,2022-04-25,Dropped Out,61,10000,8301.52,CSR,5,2022,0
BEN-0102,25,Male,Maharashtra,Health Awareness,2023-04-15,Ongoing,65,5000,3753.85,Individual,3,2023,0
BEN-0103,29,Female,Maharashtra,Women Empowerment,2022-03-07,Completed,66,15000,14517.23,Individual,4,2022,1
BEN-0104,51,Male,Uttar Pradesh,Education,2023-10-09,Completed,94,15000,15018.64,Corporate,2,2023,1
BEN-0105,50,Female,Karnataka,Education,2024-04-01,Dropped Out,72,20000,18479.54,None,4,2024,0
BEN-0106,40,Female,West Bengal,Skill Development,2023-07-03,Completed,63,10000,9479.82,Individual,1,2023,1
BEN-0107,41,Female,West Bengal,Women Empowerment,2022-05-16,Dropped Out,56,15000,15143.67,CSR,1,2022,0
BEN-0108,54,Male,Delhi,Skill Development,2023-03-09,Completed,95,20000,17679.28,Individual,4,2023,1
BEN-0109,52,Female,Delhi,Education,2025-03-07,Ongoing,81,15000,13429.54,Individual,5,2025,0
BEN-0110,57,Male,West Bengal,Education,2023-10-07,Completed,64,10000,8497.32,Corporate,1,2023,1
BEN-0111,39,Male,West Bengal,Health Awareness,2023-03-12,Completed,93,20000,19577.24,CSR,1,2023,1
BEN-0112,44,Male,Karnataka,Women Empowerment,2025-09-04,Completed,66,20000,17263.26,Individual,4,2025,1
BEN-0113,52,Male,Maharashtra,Education,2024-10-19,Completed,90,20000,20597.11,Corporate,1,2024,1
BEN-0114,18,Male,Delhi,Health Awareness,2024-03-21,Completed,96,15000,15163.21,Individual,5,2024,1
BEN-0115,52,Other,Maharashtra,Women Empowerment,2025-08-09,Dropped Out,93,10000,10442.32,Corporate,5,2025,0
BEN-0116,54,Male,Karnataka,Skill Development,2024-07-28,Dropped Out,83,20000,16432.83,None,5,2024,0
BEN-0117,31,Male,West Bengal,Women Empowerment,2022-10-20,Completed,54,5000,4324.46,None,2,2022,1
BEN-0118,20,Male,Maharashtra,Women Empowerment,2023-06-27,Dropped Out,94,10000,10068.04,Corporate,5,2023,0
BEN-0119,18,Male,West Bengal,Education,2022-10-13,Dropped Out,76,5000,4366.16,CSR,5,2022,0
BEN-0120,22,Female,West Bengal,Education,2023-05-21,Completed,72,5000,4227.26,None,2,2023,1
BEN-0121,43,Female,Uttar Pradesh,Women Empowerment,2025-02-23,Completed,89,20000,17837.86,Individual,3,2025,1
BEN-0122,31,Female,Maharashtra,Education,2025-01-08,Completed,63,20000,20480.58,None,1,2025,1
BEN-0123,56,Female,Maharashtra,Education,2023-06-23,Completed,64,15000,12965.54,None,5,2023,1
BEN-0124,44,Male,West Bengal,Education,2025-04-12,Completed,92,15000,15697.86,Individual,1,2025,1
BEN-0125,26,Male,Karnataka,Health Awareness,2024-05-27,Ongoing,82,15000,14815.77,Individual,4,2024,0
BEN-0126,32,Male,Uttar Pradesh,Health Awareness,2025-04-10,Completed,80,10000,9456.06,None,1,2025,1
BEN-0127,32,Female,West Bengal,Women Empowerment,2024-03-28,Dropped Out,84,15000,11934.47,CSR,2,2024,0
BEN-0128,43,Male,Delhi,Education,2024-01-12,Completed,66,5000,5197.24,Individual,1,2024,1
BEN-0129,59,Male,Delhi,Health Awareness,2023-03-26,Completed,77,15000,11818.11,Individual,1,2023,1
BEN-0130,30,Male,Uttar Pradesh,Women Empowerment,2022-10-11,Dropped Out,68,20000,20792.12,Corporate,1,2022,0
BEN-0131,49,Male,Karnataka,Education,2024-11-09,Dropped Out,95,15000,12743.98,None,3,2024,0
BEN-0132,56,Male,West Bengal,Skill Development,2024-10-07,Completed,72,10000,7801.09,None,3,2024,1
BEN-0133,49,Female,Maharashtra,Education,2022-07-06,Completed,81,10000,10035.12,None,4,2022,1
BEN-0134,21,Male,Uttar Pradesh,Education,2022-04-07,Completed,89,5000,3899.57,Individual,2,2022,1
BEN-0135,47,Female,Karnataka,Health Awareness,2022-08-13,Completed,62,10000,10231.33,CSR,1,2022,1
BEN-0136,54,Female,Maharashtra,Women Empowerment,2022-11-10,Completed,69,15000,11319.06,CSR,1,2022,1
BEN-0137,40,Male,Delhi,Women Empowerment,2025-07-09,Completed,84,20000,15864.93,Corporate,1,2025,1
BEN-0138,56,Female,Delhi,Health Awareness,2022-11-24,Completed,54,10000,10112.8,Individual,1,2022,1
BEN-0139,32,Male,Maharashtra,Education,2025-10-25,Completed,58,5000,5204.94,None,3,2025,1
BEN-0140,46,Female,Uttar Pradesh,Skill Development,2024-05-14,Completed,78,15000,11586.73,None,4,2024,1
BEN-0141,53,Male,Delhi,Education,2025-05-06,Completed,55,5000,4922.29,Corporate,5,2025,1
BEN-0142,30,Female,West Bengal,Education,2022-05-11,Completed,74,10000,8295.07,None,2,2022,1
BEN-0143,49,Other,Maharashtra,Skill Development,2024-02-28,Completed,80,10000,9369.78,Individual,1,2024,1
BEN-0144,24,Male,Maharashtra,Health Awareness,2024-02-21,Dropped Out,71,5000,4346.22,CSR,4,2024,0
BEN-0145,39,Female,Delhi,Women Empowerment,2025-05-05,Completed,51,15000,11611.42,None,5,2025,1
BEN-0146,45,Male,Uttar Pradesh,Health Awareness,2024-08-16,Dropped Out,94,10000,8485.7,CSR,4,2024,0
BEN-0147,19,Other,West Bengal,Health Awareness,2024-12-19,Completed,54,20000,19046.14,None,3,2024,1
BEN-0148,59,Female,Uttar Pradesh,Education,2023-05-30,Completed,76,10000,9100.87,None,5,2023,1
BEN-0149,23,Female,Karnataka,Women Empowerment,2025-02-07,Completed,74,15000,15543.63,Corporate,4,2025,1
BEN-0150,45,Female,Karnataka,Women Empowerment,2022-01-24,Completed,57,10000,9380.4,None,3,2022,1
BEN-0151,45,Female,Delhi,Health Awareness,2025-10-25,Completed,50,5000,5081.16,Individual,4,2025,1
BEN-0152,37,Male,Delhi,Skill Development,2022-08-23,Dropped Out,69,10000,8963.84,Corporate,4,2022,0
BEN-0153,47,Male,Delhi,Health Awareness,2025-10-28,Completed,93,10000,9123.05,Corporate,5,2025,1
BEN-0154,28,Female,Karnataka,Skill Development,2025-01-04,Completed,72,15000,14028.57,Corporate,3,2025,1
BEN-0155,45,Female,Uttar Pradesh,Women Empowerment,2023-07-01,Completed,81,5000,4102.16,None,1,2023,1
BEN-0156,42,Male,Uttar Pradesh,Health Awareness,2025-08-05,Completed,60,15000,14329.8,Corporate,2,2025,1
BEN-0157,56,Female,Delhi,Education,2023-11-28,Completed,88,10000,8362.14,None,5,2023,1
BEN-0158,50,Female,West Bengal,Health Awareness,2022-08-17,Completed,96,20000,16364.92,CSR,3,2022,1
BEN-0159,18,Male,Uttar Pradesh,Women Empowerment,2023-08-25,Completed,73,10000,7771.14,Corporate,4,2023,1
BEN-0160,44,Male,Karnataka,Education,2024-06-09,Completed,60,15000,15652.52,None,3,2024,1
BEN-0161,30,Male,Maharashtra,Education,2022-11-20,Completed,78,20000,19562.22,Individual,2,2022,1
BEN-0162,58,Male,Maharashtra,Skill Development,2024-07-18,Completed,75,15000,14417.51,Individual,2,2024,1
BEN-0163,20,Female,Maharashtra,Education,2022-01-07,Completed,65,15000,11702.28,CSR,1,2022,1
BEN-0164,56,Male,West Bengal,Education,2023-06-24,Completed,84,5000,3999.55,Individual,1,2023,1
BEN-0165,23,Female,Delhi,Health Awareness,2024-10-22,Ongoing,69,20000,16796.8,Individual,2,2024,0
BEN-0166,25,Female,Karnataka,Women Empowerment,2023-01-01,Completed,95,10000,7586.84,None,5,2023,1
BEN-0167,44,Female,West Bengal,Skill Development,2024-11-05,Dropped Out,52,15000,12709.69,CSR,5,2024,0
BEN-0168,26,Female,Karnataka,Health Awareness,2022-08-06,Dropped Out,50,10000,7668.36,Corporate,4,2022,0
BEN-0169,54,Male,Karnataka,Education,2025-07-04,Completed,96,5000,4287.7,None,1,2025,1
BEN-0170,50,Female,Delhi,Education,2023-09-04,Completed,50,5000,4396.03,CSR,4,2023,1
BEN-0171,59,Female,Maharashtra,Skill Development,2025-08-01,Dropped Out,66,20000,16465.18,None,1,2025,0
BEN-0172,41,Female,Delhi,Women Empowerment,2024-11-05,Completed,51,5000,4368.08,Individual,2,2024,1
BEN-0173,32,Female,West Bengal,Skill Development,2025-06-01,Completed,78,5000,4772.7,CSR,5,2025,1
BEN-0174,49,Male,West Bengal,Health Awareness,2023-02-12,Completed,69,10000,8040.17,None,5,2023,1
BEN-0175,49,Female,West Bengal,Skill Development,2022-11-10,Completed,55,5000,4012.6,CSR,2,2022,1
BEN-0176,41,Male,Delhi,Education,2024-02-05,Completed,57,5000,4664.24,None,4,2024,1
BEN-0177,58,Female,Karnataka,Health Awareness,2022-11-27,Ongoing,78,15000,12971.45,Corporate,4,2022,0
BEN-0178,29,Male,Karnataka,Education,2025-01-09,Completed,97,5000,4774.7,Individual,3,2025,1
BEN-0179,56,Male,Uttar Pradesh,Women Empowerment,2024-12-22,Completed,82,15000,13489.5,Corporate,1,2024,1
BEN-0180,19,Female,West Bengal,Education,2022-01-02,Ongoing,52,5000,4624.74,Corporate,4,2022,0
BEN-0181,20,Male,Karnataka,Education,2025-05-11,Completed,84,5000,4098.28,None,2,2025,1
BEN-0182,54,Female,Uttar Pradesh,Skill Development,2023-10-26,Ongoing,54,20000,18827.43,Individual,4,2023,0
BEN-0183,34,Female,Karnataka,Education,2024-09-27,Completed,76,20000,17757.42,None,5,2024,1
BEN-0184,19,Male,West Bengal,Health Awareness,2022-02-09,Completed,93,15000,14250.78,None,1,2022,1
BEN-0185,19,Female,Maharashtra,Health Awareness,2022-08-18,Dropped Out,61,5000,5098.36,Individual,3,2022,0
BEN-0186,45,Female,West Bengal,Women Empowerment,2024-01-14,Completed,69,10000,8895.76,Corporate,1,2024,1
BEN-0187,40,Male,Delhi,Health Awareness,2023-09-22,Dropped Out,94,20000,16725.79,None,5,2023,0
BEN-0188,54,Female,Karnataka,Skill Development,2023-05-06,Ongoing,69,10000,9139.79,None,5,2023,0
BEN-0189,49,Male,Karnataka,Women Empowerment,2022-04-29,Dropped Out,58,20000,15443.17,Corporate,5,2022,0
BEN-0190,50,Female,Delhi,Health Awareness,2023-05-09,Completed,88,20000,20671.41,Corporate,5,2023,1
BEN-0191,18,Male,Delhi,Skill Development,2025-03-07,Dropped Out,53,5000,5231.48,CSR,2,2025,0
BEN-0192,36,Male,Maharashtra,Health Awareness,2022-06-11,Completed,68,20000,16794.93,None,3,2022,1
BEN-0193,19,Male,Karnataka,Health Awareness,2022-06-25,Completed,87,10000,10386.09,Individual,5,2022,1
BEN-0194,43,Male,Karnataka,Education,2024-09-22,Dropped Out,76,20000,19141.88,None,5,2024,0
BEN-0195,49,Female,Maharashtra,Health Awareness,2022-05-22,Completed,94,15000,13305.76,Individual,4,2022,1
BEN-0196,23,Male,Uttar Pradesh,Health Awareness,2024-12-26,Completed,92,5000,4203.18,Individual,3,2024,1
BEN-0197,49,Female,Maharashtra,Skill Development,2022-09-15,Dropped Out,62,5000,5249.06,Corporate,1,2022,0
BEN-0198,21,Female,West Bengal,Skill Development,2022-09-20,Completed,62,15000,15090.01,Corporate,3,2022,1
BEN-0199,28,Female,Karnataka,Education,2025-09-13,Completed,71,15000,11729.94,Corporate,3,2025,1
BEN-0200,34,Female,Delhi,Health Awareness,2024-08-31,Dropped Out,77,15000,12966.14,Corporate,3,2024,0
BEN-0201,55,Female,West Bengal,Education,2025-01-30,Completed,96,20000,17153.75,Corporate,5,2025,1
BEN-0202,41,Male,Karnataka,Health Awareness,2022-12-05,Dropped Out,94,5000,4193.81,Individual,5,2022,0
BEN-0203,22,Male,Maharashtra,Women Empowerment,2023-06-27,Completed,71,15000,14396.76,Corporate,2,2023,1
BEN-0204,51,Male,West Bengal,Women Empowerment,2024-12-16,Completed,92,20000,15131.64,None,1,2024,1
BEN-0205,23,Female,Karnataka,Education,2025-05-27,Completed,68,15000,14985.17,Corporate,4,2025,1
BEN-0206,39,Male,Uttar Pradesh,Education,2024-05-16,Completed,57,10000,8687.42,Corporate,3,2024,1
BEN-0207,28,Female,Uttar Pradesh,Education,2023-03-10,Completed,57,10000,7524.29,CSR,1,2023,1
BEN-0208,33,Female,Delhi,Skill Development,2025-01-09,Dropped Out,91,5000,5047.6,None,1,2025,0
BEN-0209,50,Female,Karnataka,Skill Development,2025-11-13,Completed,75,20000,19669.87,Individual,2,2025,1
BEN-0210,26,Female,Uttar Pradesh,Skill Development,2023-02-16,Completed,97,10000,10420.81,None,4,2023,1
BEN-0211,23,Male,Maharashtra,Education,2025-12-31,Completed,75,10000,10231.85,None,3,2025,1
BEN-0212,33,Male,Karnataka,Health Awareness,2023-10-01,Completed,72,20000,19471.03,None,4,2023,1
BEN-0213,46,Female,Maharashtra,Women Empowerment,2024-03-28,Completed,92,15000,14997.78,Individual,2,2024,1
BEN-0214,20,Female,Maharashtra,Education,2025-10-07,Completed,62,20000,20417.61,None,5,2025,1
BEN-0215,37,Female,Uttar Pradesh,Skill Development,2025-08-23,Completed,77,15000,14740.83,Individual,1,2025,1
BEN-0216,53,Female,Karnataka,Skill Development,2024-02-04,Completed,58,10000,8190.36,CSR,3,2024,1
BEN-0217,36,Male,West Bengal,Education,2024-06-16,Completed,69,10000,9905.8,None,5,2024,1
BEN-0218,43,Female,Uttar Pradesh,Education,2024-11-25,Completed,68,10000,8157.01,Individual,2,2024,1
BEN-0219,20,Female,Uttar Pradesh,Skill Development,2024-07-13,Completed,97,5000,4035.2,None,4,2024,1
BEN-0220,36,Female,Karnataka,Health Awareness,2022-09-05,Completed,88,5000,4125.94,Individual,1,2022,1
BEN-0221,37,Male,Karnataka,Skill Development,2023-05-23,Dropped Out,61,5000,4883.37,None,3,2023,0
BEN-0222,49,Male,Maharashtra,Skill Development,2023-04-06,Completed,64,20000,19604.82,Corporate,5,2023,1
BEN-0223,24,Male,Karnataka,Education,2022-05-12,Ongoing,80,10000,9542.57,Individual,5,2022,0
BEN-0224,58,Male,Maharashtra,Health Awareness,2023-11-24,Completed,63,10000,7910.34,Individual,1,2023,1
BEN-0225,50,Female,Uttar Pradesh,Skill Development,2022-02-13,Completed,60,20000,15582.98,None,4,2022,1
BEN-0226,57,Female,Delhi,Skill Development,2025-04-19,Ongoing,75,5000,4691.19,Individual,2,2025,0
BEN-0227,56,Male,West Bengal,Women Empowerment,2025-02-08,Completed,91,20000,15236.54,Individual,4,2025,1
BEN-0228,35,Male,Uttar Pradesh,Education,2023-04-17,Ongoing,76,5000,4932.92,Corporate,4,2023,0
BEN-0229,57,Male,Karnataka,Women Empowerment,2025-04-20,Completed,60,10000,7600.09,None,4,2025,1
BEN-0230,18,Male,West Bengal,Women Empowerment,2023-03-28,Completed,87,15000,12891.88,CSR,1,2023,1
BEN-0231,28,Male,Delhi,Skill Development,2022-01-15,Completed,83,5000,3947.12,Individual,1,2022,1
BEN-0232,45,Male,Delhi,Education,2022-05-26,Completed,92,10000,10228.88,Individual,2,2022,1
BEN-0233,42,Other,Maharashtra,Health Awareness,2025-12-20,Completed,68,10000,8480.16,Individual,4,2025,1
BEN-0234,40,Male,West Bengal,Skill Development,2025-07-16,Completed,55,15000,13119.76,Individual,1,2025,1
BEN-0235,48,Male,Maharashtra,Health Awareness,2022-05-01,Completed,95,10000,8102.38,Corporate,2,2022,1
BEN-0236,47,Male,Uttar Pradesh,Health Awareness,2023-04-14,Completed,87,10000,9859.54,None,2,2023,1
BEN-0237,59,Female,West Bengal,Education,2022-05-19,Completed,98,5000,5064.69,Individual,4,2022,1
BEN-0238,52,Male,Uttar Pradesh,Women Empowerment,2022-03-06,Completed,91,5000,4298.79,Corporate,3,2022,1
BEN-0239,24,Female,Maharashtra,Education,2023-11-08,Ongoing,77,15000,13508.08,Corporate,4,2023,0
BEN-0240,33,Male,West Bengal,Health Awareness,2022-05-26,Completed,50,15000,12476.37,None,3,2022,1
BEN-0241,43,Other,Maharashtra,Skill Development,2024-11-18,Dropped Out,84,10000,7993.63,None,2,2024,0
BEN-0242,19,Male,West Bengal,Health Awareness,2023-05-03,Dropped Out,89,5000,5121.07,None,1,2023,0
BEN-0243,18,Female,Maharashtra,Skill Development,2023-07-25,Completed,57,15000,15498.85,Individual,5,2023,1
BEN-0244,29,Female,Delhi,Skill Development,2025-10-02,Completed,96,15000,15603.23,Individual,2,2025,1
BEN-0245,22,Female,Maharashtra,Education,2024-09-21,Completed,56,20000,16770.85,Corporate,1,2024,1
BEN-0246,54,Male,Delhi,Health Awareness,2023-03-15,Completed,60,15000,15166.79,Individual,2,2023,1
BEN-0247,49,Female,Maharashtra,Women Empowerment,2025-01-09,Completed,88,10000,9912.7,CSR,4,2025,1
BEN-0248,26,Female,West Bengal,Health Awareness,2022-09-28,Completed,53,5000,4452.5,None,3,2022,1
BEN-0249,58,Female,West Bengal,Health Awareness,2025-03-15,Completed,74,15000,11588.85,None,2,2025,1
BEN-0250,52,Male,West Bengal,Women Empowerment,2025-03-26,Completed,61,20000,19524.91,None,1,2025,1
BEN-0251,36,Male,Karnataka,Education,2024-08-26,Completed,75,5000,4088.42,Corporate,4,2024,1
BEN-0252,33,Female,Uttar Pradesh,Health Awareness,2023-05-13,Completed,87,15000,14293.46,None,5,2023,1
BEN-0253,20,Female,West Bengal,Health Awareness,2024-08-26,Completed,95,20000,19046.44,Corporate,4,2024,1
BEN-0254,37,Female,Delhi,Skill Development,2024-04-13,Dropped Out,61,15000,13038.35,Individual,3,2024,0
BEN-0255,41,Male,West Bengal,Health Awareness,2023-01-25,Completed,92,5000,5018.62,None,4,2023,1
BEN-0256,50,Male,Karnataka,Women Empowerment,2022-07-13,Completed,86,5000,4585.97,Individual,5,2022,1
BEN-0257,41,Female,Delhi,Skill Development,2022-07-18,Completed,95,5000,3885.45,Corporate,1,2022,1
BEN-0258,28,Male,Karnataka,Education,2025-09-11,Completed,73,10000,8683.72,Corporate,2,2025,1
BEN-0259,25,Female,Delhi,Skill Development,2024-06-01,Completed,65,15000,12440.06,None,3,2024,1
BEN-0260,53,Male,Maharashtra,Women Empowerment,2023-12-27,Completed,62,10000,7870.77,None,5,2023,1
BEN-0261,55,Female,Uttar Pradesh,Women Empowerment,2024-05-17,Completed,74,5000,4302.88,Corporate,3,2024,1
BEN-0262,57,Female,Uttar Pradesh,Skill Development,2024-04-21,Completed,53,20000,19494.07,None,4,2024,1
BEN-0263,37,Female,Karnataka,Education,2024-08-14,Completed,60,15000,12429.73,Individual,3,2024,1
BEN-0264,52,Male,Uttar Pradesh,Skill Development,2022-04-21,Completed,81,10000,8643.08,Corporate,5,2022,1
BEN-0265,42,Male,Karnataka,Education,2025-10-11,Completed,98,15000,14123.47,None,2,2025,1
BEN-0266,52,Female,Karnataka,Skill Development,2025-08-31,Dropped Out,56,20000,17228.84,None,2,2025,0
BEN-0267,42,Male,Karnataka,Women Empowerment,2025-08-16,Dropped Out,95,10000,9524.51,None,3,2025,0
BEN-0268,46,Male,Uttar Pradesh,Health Awareness,2022-07-21,Completed,60,5000,4457.22,Individual,1,2022,1
BEN-0269,35,Female,Karnataka,Health Awareness,2022-05-05,Dropped Out,77,10000,9358.64,None,3,2022,0
BEN-0270,35,Female,Uttar Pradesh,Education,2024-04-04,Completed,90,15000,15494.26,None,4,2024,1
BEN-0271,19,Male,Karnataka,Education,2023-11-26,Completed,72,15000,12726.03,None,2,2023,1
BEN-0272,52,Female,West Bengal,Education,2022-08-12,Completed,94,15000,13995.37,Individual,2,2022,1
BEN-0273,33,Female,Karnataka,Women Empowerment,2023-05-25,Completed,72,15000,14164.44,None,2,2023,1
BEN-0274,58,Other,Delhi,Skill Development,2023-01-28,Completed,99,5000,4703.11,CSR,1,2023,1
BEN-0275,53,Female,Karnataka,Women Empowerment,2023-01-25,Completed,77,10000,8892.8,Individual,1,2023,1
BEN-0276,50,Female,Maharashtra,Health Awareness,2025-01-03,Completed,92,5000,4801.62,Corporate,5,2025,1
BEN-0277,21,Female,Karnataka,Education,2024-07-07,Dropped Out,96,5000,4723.86,Corporate,3,2024,0
BEN-0278,50,Male,Delhi,Skill Development,2022-10-15,Dropped Out,75,5000,3925.01,CSR,3,2022,0
BEN-0279,31,Female,Delhi,Health Awareness,2024-05-14,Completed,74,15000,11454.06,None,4,2024,1
BEN-0280,38,Female,Uttar Pradesh,Health Awareness,2023-01-11,Completed,78,15000,11417.45,CSR,2,2023,1
BEN-0281,37,Female,West Bengal,Health Awareness,2023-07-25,Completed,68,15000,15731.67,None,1,2023,1
BEN-0282,25,Female,Karnataka,Women Empowerment,2024-08-05,Completed,82,10000,7848.36,CSR,4,2024,1
BEN-0283,24,Female,Uttar Pradesh,Education,2023-05-27,Completed,85,20000,16408.8,Individual,4,2023,1
BEN-0284,20,Female,West Bengal,Health Awareness,2022-06-04,Completed,63,15000,13668.96,Individual,1,2022,1
BEN-0285,34,Male,Karnataka,Education,2024-06-26,Completed,63,10000,8665.94,Corporate,3,2024,1
BEN-0286,50,Female,Maharashtra,Women Empowerment,2025-02-01,Ongoing,84,15000,12919.55,Corporate,2,2025,0
BEN-0287,29,Female,Karnataka,Health Awareness,2022-07-20,Completed,79,15000,15522.21,Individual,3,2022,1
BEN-0288,39,Female,Delhi,Women Empowerment,2022-04-14,Completed,77,5000,4794.73,CSR,4,2022,1
BEN-0289,39,Female,Delhi,Women Empowerment,2025-08-28,Completed,66,5000,4560.29,Corporate,2,2025,1
BEN-0290,47,Female,Maharashtra,Education,2025-01-12,Completed,52,5000,4631.01,Individual,5,2025,1
BEN-0291,55,Male,Uttar Pradesh,Health Awareness,2022-01-31,Completed,65,10000,9679.8,Corporate,4,2022,1
BEN-0292,55,Female,West Bengal,Women Empowerment,2022-07-11,Completed,95,20000,20312.48,Individual,3,2022,1
BEN-0293,25,Female,Karnataka,Health Awareness,2023-04-30,Completed,79,20000,18929.53,None,3,2023,1
BEN-0294,44,Female,Delhi,Education,2022-12-07,Dropped Out,78,10000,10001.08,None,3,2022,0
BEN-0295,44,Male,Uttar Pradesh,Women Empowerment,2024-04-12,Completed,94,15000,14020.43,None,1,2024,1
BEN-0296,51,Male,Maharashtra,Education,2024-09-21,Completed,64,10000,10317.16,Individual,4,2024,1
BEN-0297,38,Male,Delhi,Health Awareness,2024-09-12,Completed,95,15000,12508.83,None,2,2024,1
BEN-0298,47,Female,Maharashtra,Health Awareness,2023-03-14,Dropped Out,74,10000,9570.84,None,3,2023,0
BEN-0299,50,Male,Karnataka,Education,2024-04-01,Completed,87,10000,8151.81,None,3,2024,1
BEN-0300,45,Female,West Bengal,Skill Development,2022-05-01,Dropped Out,91,10000,8834.09,Individual,1,2022,0
BEN-0301,50,Female,Delhi,Women Empowerment,2022-12-04,Dropped Out,96,20000,16416.68,None,2,2022,0
BEN-0302,22,Female,Delhi,Health Awareness,2024-02-16,Completed,87,5000,4294.03,None,4,2024,1
BEN-0303,36,Female,Karnataka,Health Awareness,2022-01-05,Ongoing,72,10000,10442.78,CSR,5,2022,0
BEN-0304,21,Male,Uttar Pradesh,Women Empowerment,2024-03-10,Dropped Out,74,20000,17204.01,None,1,2024,0
BEN-0305,52,Male,West Bengal,Education,2023-06-28,Dropped Out,91,5000,5102.54,Corporate,4,2023,0
BEN-0306,34,Female,Delhi,Education,2024-07-20,Completed,56,5000,4717.24,CSR,5,2024,1
BEN-0307,45,Male,West Bengal,Education,2023-08-08,Completed,71,10000,7681.65,Individual,3,2023,1
BEN-0308,47,Other,Delhi,Skill Development,2024-05-16,Completed,66,15000,12491.47,None,3,2024,1
BEN-0309,46,Male,West Bengal,Skill Development,2025-11-27,Completed,67,15000,15606.93,Individual,2,2025,1
BEN-0310,23,Male,Maharashtra,Health Awareness,2025-02-12,Completed,98,15000,15520.55,Corporate,5,2025,1
BEN-0311,52,Male,Delhi,Education,2025-09-17,Completed,90,10000,9972.57,Individual,3,2025,1
BEN-0312,58,Other,West Bengal,Women Empowerment,2024-09-23,Dropped Out,59,15000,11662.53,CSR,3,2024,0
BEN-0313,54,Male,Uttar Pradesh,Health Awareness,2022-11-14,Dropped Out,59,20000,16272.63,Individual,2,2022,0
BEN-0314,41,Female,Maharashtra,Women Empowerment,2023-01-24,Completed,56,20000,18836.96,None,4,2023,1
BEN-0315,46,Female,Maharashtra,Health Awareness,2023-08-31,Dropped Out,97,20000,20826.56,None,3,2023,0
BEN-0316,48,Male,Uttar Pradesh,Skill Development,2023-03-22,Dropped Out,99,20000,15303.47,Individual,1,2023,0
BEN-0317,52,Female,West Bengal,Health Awareness,2022-04-30,Completed,87,5000,4250.26,Individual,1,2022,1
BEN-0318,50,Male,Karnataka,Skill Development,2025-04-01,Completed,76,20000,20932.93,Individual,4,2025,1
BEN-0319,38,Female,Uttar Pradesh,Health Awareness,2025-01-15,Completed,82,15000,14791.4,None,5,2025,1
BEN-0320,49,Female,West Bengal,Education,2022-05-05,Completed,50,10000,8115.62,CSR,2,2022,1
BEN-0321,40,Female,Uttar Pradesh,Women Empowerment,2023-10-05,Completed,93,15000,14984.18,Corporate,1,2023,1
BEN-0322,50,Female,Uttar Pradesh,Education,2022-04-28,Completed,83,20000,18325.25,Individual,1,2022,1
BEN-0323,20,Male,Delhi,Health Awareness,2022-04-13,Completed,53,5000,4629.57,None,4,2022,1
BEN-0324,35,Male,West Bengal,Health Awareness,2025-04-11,Completed,66,20000,19878.32,None,5,2025,1
BEN-0325,42,Male,Karnataka,Health Awareness,2024-09-03,Dropped Out,53,10000,8199.0,None,5,2024,0
BEN-0326,59,Male,Delhi,Skill Development,2024-10-26,Completed,92,15000,14734.66,None,4,2024,1
BEN-0327,48,Female,Uttar Pradesh,Women Empowerment,2024-12-23,Ongoing,75,10000,9865.93,Individual,1,2024,0
BEN-0328,20,Female,Uttar Pradesh,Women Empowerment,2022-11-19,Dropped Out,53,10000,9287.94,Individual,2,2022,0
BEN-0329,57,Male,Uttar Pradesh,Health Awareness,2022-04-27,Ongoing,50,10000,8331.82,Individual,1,2022,0
BEN-0330,41,Female,West Bengal,Health Awareness,2024-11-06,Ongoing,56,15000,15678.13,Individual,5,2024,0
BEN-0331,49,Female,West Bengal,Skill Development,2022-06-14,Dropped Out,79,20000,20925.16,Individual,1,2022,0
BEN-0332,39,Female,Delhi,Education,2023-01-16,Completed,99,10000,9120.65,Individual,2,2023,1
BEN-0333,40,Female,Karnataka,Education,2022-05-21,Completed,58,15000,14843.31,Corporate,3,2022,1
BEN-0334,19,Other,Delhi,Women Empowerment,2025-05-03,Completed,84,5000,3914.89,None,1,2025,1
BEN-0335,44,Male,Maharashtra,Skill Development,2022-05-20,Completed,57,15000,15149.02,None,4,2022,1
BEN-0336,59,Female,Uttar Pradesh,Health Awareness,2025-10-14,Completed,73,5000,3947.7,None,3,2025,1
BEN-0337,19,Male,Uttar Pradesh,Women Empowerment,2023-04-27,Completed,68,15000,12862.09,None,4,2023,1
BEN-0338,43,Male,Uttar Pradesh,Skill Development,2024-04-06,Ongoing,85,20000,19730.59,Individual,4,2024,0
BEN-0339,34,Female,Delhi,Education,2022-09-03,Dropped Out,99,10000,9266.56,None,4,2022,0
BEN-0340,57,Male,Delhi,Skill Development,2025-03-12,Dropped Out,92,20000,15094.69,Individual,1,2025,0
BEN-0341,50,Male,Uttar Pradesh,Education,2023-05-20,Completed,76,15000,12444.15,None,5,2023,1
BEN-0342,26,Female,Delhi,Skill Development,2025-03-31,Completed,81,10000,7880.28,Corporate,3,2025,1
BEN-0343,56,Female,West Bengal,Women Empowerment,2025-05-02,Completed,63,5000,4381.44,None,2,2025,1
BEN-0344,46,Female,West Bengal,Education,2022-03-23,Completed,67,15000,11761.42,Individual,5,2022,1
BEN-0345,59,Female,Delhi,Women Empowerment,2025-06-22,Completed,77,10000,7690.67,Individual,1,2025,1
BEN-0346,43,Female,Uttar Pradesh,Women Empowerment,2022-06-17,Completed,78,5000,4422.41,None,4,2022,1
BEN-0347,52,Male,Delhi,Education,2024-05-08,Ongoing,65,5000,4293.06,Individual,2,2024,0
BEN-0348,42,Female,Delhi,Education,2025-09-08,Completed,84,20000,18562.0,None,3,2025,1
BEN-0349,41,Female,Delhi,Health Awareness,2025-04-10,Completed,96,15000,13284.02,None,5,2025,1
BEN-0350,30,Male,Maharashtra,Health Awareness,2025-03-03,Completed,80,5000,4082.32,None,5,2025,1
BEN-0351,24,Male,West Bengal,Health Awareness,2024-12-06,Completed,53,10000,9345.32,None,2,2024,1
BEN-0352,53,Female,Karnataka,Women Empowerment,2023-10-10,Completed,86,5000,4840.86,None,1,2023,1
BEN-0353,37,Female,Karnataka,Women Empowerment,2023-06-19,Ongoing,66,5000,5113.13,Individual,3,2023,0
BEN-0354,18,Female,Maharashtra,Health Awareness,2023-02-23,Completed,88,20000,18953.42,None,2,2023,1
BEN-0355,25,Male,Delhi,Women Empowerment,2025-10-03,Completed,97,20000,16809.78,None,4,2025,1
BEN-0356,33,Female,Maharashtra,Women Empowerment,2023-10-06,Completed,95,10000,9430.02,None,3,2023,1
BEN-0357,31,Female,Maharashtra,Education,2023-05-04,Completed,75,20000,15186.9,Individual,5,2023,1
BEN-0358,29,Male,Uttar Pradesh,Education,2023-06-28,Completed,97,5000,5247.88,None,2,2023,1
BEN-0359,40,Female,West Bengal,Women Empowerment,2024-03-21,Completed,88,5000,5020.95,None,5,2024,1
BEN-0360,32,Male,Karnataka,Health Awareness,2022-09-26,Completed,90,20000,17557.64,None,5,2022,1
BEN-0361,45,Other,Delhi,Skill Development,2025-10-07,Completed,53,5000,3911.94,Corporate,5,2025,1
BEN-0362,51,Female,Karnataka,Health Awareness,2025-08-14,Completed,79,5000,4818.6,Individual,1,2025,1
BEN-0363,19,Male,Karnataka,Skill Development,2023-09-07,Completed,79,10000,8830.69,Corporate,5,2023,1
BEN-0364,49,Female,West Bengal,Health Awareness,2024-07-25,Dropped Out,71,20000,20395.6,None,4,2024,0
BEN-0365,40,Male,Karnataka,Education,2023-10-10,Completed,60,5000,4233.17,None,4,2023,1
BEN-0366,39,Male,Karnataka,Women Empowerment,2022-05-29,Completed,51,20000,15890.0,Corporate,3,2022,1
BEN-0367,42,Male,Maharashtra,Women Empowerment,2022-01-20,Completed,93,10000,7878.57,Individual,5,2022,1
BEN-0368,39,Female,West Bengal,Education,2024-07-27,Completed,61,20000,18745.9,Corporate,5,2024,1
BEN-0369,39,Male,Uttar Pradesh,Skill Development,2025-06-26,Completed,79,5000,4628.05,Corporate,2,2025,1
BEN-0370,59,Male,Delhi,Skill Development,2025-02-27,Completed,85,20000,19272.92,None,1,2025,1
BEN-0371,23,Female,Karnataka,Skill Development,2022-07-24,Completed,67,5000,4321.36,None,3,2022,1
BEN-0372,32,Male,Delhi,Education,2022-05-31,Dropped Out,75,5000,4646.09,Corporate,5,2022,0
BEN-0373,54,Female,Uttar Pradesh,Skill Development,2025-01-06,Completed,56,5000,4192.35,CSR,2,2025,1
BEN-0374,50,Female,Delhi,Education,2023-03-13,Ongoing,50,10000,9016.65,Individual,1,2023,0
BEN-0375,25,Female,Uttar Pradesh,Health Awareness,2024-11-02,Completed,75,20000,17581.2,None,3,2024,1
BEN-0376,22,Female,Maharashtra,Health Awareness,2023-06-28,Ongoing,72,10000,9879.29,Corporate,3,2023,0
BEN-0377,56,Female,Karnataka,Education,2022-09-29,Dropped Out,75,20000,15686.48,Corporate,5,2022,0
BEN-0378,21,Male,Uttar Pradesh,Women Empowerment,2023-12-16,Completed,94,10000,9464.14,Corporate,3,2023,1
BEN-0379,23,Female,Delhi,Health Awareness,2022-05-21,Dropped Out,55,15000,15199.68,None,2,2022,0
BEN-0380,49,Male,Karnataka,Skill Development,2023-05-16,Completed,55,5000,4577.0,None,3,2023,1
BEN-0381,47,Female,Maharashtra,Education,2024-01-27,Ongoing,93,5000,5048.24,None,4,2024,0
BEN-0382,52,Male,Karnataka,Skill Development,2023-08-07,Completed,57,10000,8790.21,Individual,2,2023,1
BEN-0383,57,Male,Uttar Pradesh,Skill Development,2022-11-20,Completed,73,15000,15246.41,Corporate,1,2022,1
BEN-0384,33,Female,Maharashtra,Women Empowerment,2024-06-16,Completed,71,5000,4370.72,Individual,1,2024,1
BEN-0385,30,Male,Delhi,Skill Development,2025-01-17,Ongoing,68,20000,19964.52,None,5,2025,0
BEN-0386,59,Female,Maharashtra,Women Empowerment,2025-12-11,Completed,86,10000,8696.19,Individual,5,2025,1
BEN-0387,47,Male,Maharashtra,Health Awareness,2023-09-12,Completed,67,5000,4844.42,CSR,4,2023,1
BEN-0388,36,Female,West Bengal,Education,2025-06-06,Completed,80,5000,4218.82,None,1,2025,1
BEN-0389,34,Male,Maharashtra,Skill Development,2025-09-01,Dropped Out,86,10000,8437.57,None,1,2025,0
BEN-0390,36,Female,Maharashtra,Education,2024-12-19,Completed,79,10000,8264.67,Corporate,1,2024,1
BEN-0391,45,Male,Karnataka,Skill Development,2022-01-17,Completed,91,20000,20721.56,Corporate,1,2022,1
BEN-0392,43,Male,Delhi,Education,2025-09-29,Completed,82,20000,19120.93,Individual,3,2025,1
BEN-0393,54,Female,Karnataka,Skill Development,2025-02-09,Completed,59,5000,4461.4,None,2,2025,1
BEN-0394,43,Female,Karnataka,Skill Development,2023-09-06,Completed,86,5000,3886.84,None,2,2023,1
BEN-0395,40,Female,Uttar Pradesh,Skill Development,2025-09-20,Ongoing,61,10000,7756.09,Individual,4,2025,0
BEN-0396,26,Female,Karnataka,Skill Development,2022-08-01,Completed,79,5000,4397.81,Corporate,3,2022,1
BEN-0397,29,Male,West Bengal,Skill Development,2022-10-03,Completed,76,5000,4866.88,None,1,2022,1
BEN-0398,18,Female,West Bengal,Skill Development,2023-06-26,Completed,88,10000,8617.94,None,1,2023,1
BEN-0399,18,Female,Uttar Pradesh,Skill Development,2022-08-25,Completed,58,5000,3945.17,Individual,5,2022,1
BEN-0400,51,Female,Delhi,Skill Development,2022-08-08,Completed,70,5000,3839.97,CSR,5,2022,1
BEN-0401,49,Male,Delhi,Skill Development,2025-02-07,Completed,61,15000,15554.81,Individual,4,2025,1
BEN-0402,42,Female,Karnataka,Education,2022-11-15,Completed,78,20000,18370.1,Individual,1,2022,1
BEN-0403,57,Female,Karnataka,Women Empowerment,2023-07-12,Ongoing,82,10000,9510.04,None,4,2023,0
BEN-0404,18,Female,Karnataka,Skill Development,2023-08-01,Completed,92,15000,13098.64,None,3,2023,1
BEN-0405,33,Female,Delhi,Women Empowerment,2025-05-23,Ongoing,64,20000,20241.64,None,2,2025,0
BEN-0406,56,Male,Maharashtra,Skill Development,2023-03-08,Dropped Out,51,20000,20646.78,Individual,1,2023,0
BEN-0407,22,Female,West Bengal,Skill Development,2023-12-04,Completed,88,20000,17537.62,None,3,2023,1
BEN-0408,39,Female,Maharashtra,Education,2023-02-21,Dropped Out,93,15000,15371.3,Corporate,1,2023,0
BEN-0409,46,Male,Maharashtra,Health Awareness,2025-11-08,Completed,67,15000,11481.51,Corporate,5,2025,1
BEN-0410,20,Male,Delhi,Health Awareness,2025-07-22,Completed,52,20000,16725.78,CSR,4,2025,1
BEN-0411,29,Female,Maharashtra,Education,2023-06-25,Completed,56,5000,4218.67,Individual,5,2023,1
BEN-0412,43,Male,Uttar Pradesh,Women Empowerment,2024-11-01,Completed,92,5000,3905.4,None,2,2024,1
BEN-0413,33,Male,Karnataka,Health Awareness,2024-09-27,Completed,67,15000,13533.36,CSR,5,2024,1
BEN-0414,54,Female,Uttar Pradesh,Education,2023-05-30,Completed,93,15000,11946.29,Individual,1,2023,1
BEN-0415,39,Male,West Bengal,Education,2022-04-15,Completed,87,15000,13419.85,Individual,5,2022,1
BEN-0416,46,Male,Karnataka,Health Awareness,2022-07-09,Completed,86,20000,20083.65,Individual,1,2022,1
BEN-0417,31,Female,Maharashtra,Women Empowerment,2025-07-23,Ongoing,82,5000,4275.17,Individual,2,2025,0
BEN-0418,45,Female,West Bengal,Education,2024-05-17,Completed,93,15000,13753.19,CSR,5,2024,1
BEN-0419,22,Female,Karnataka,Skill Development,2023-07-21,Completed,80,15000,11766.98,None,4,2023,1
BEN-0420,47,Male,Maharashtra,Women Empowerment,2022-04-01,Completed,60,10000,8335.7,Individual,4,2022,1
BEN-0421,22,Other,Uttar Pradesh,Women Empowerment,2022-01-08,Completed,53,20000,16356.95,Individual,4,2022,1
BEN-0422,29,Male,Karnataka,Health Awareness,2023-11-15,Completed,67,10000,8787.34,CSR,5,2023,1
BEN-0423,33,Female,Maharashtra,Health Awareness,2022-09-25,Ongoing,53,5000,4591.45,None,5,2022,0
BEN-0424,43,Male,Uttar Pradesh,Skill Development,2025-07-28,Completed,98,10000,9802.3,Corporate,5,2025,1
BEN-0425,43,Male,West Bengal,Education,2023-06-21,Completed,83,10000,9365.17,Corporate,1,2023,1
BEN-0426,38,Female,West Bengal,Health Awareness,2022-11-27,Dropped Out,78,10000,9524.93,CSR,2,2022,0
BEN-0427,56,Female,West Bengal,Health Awareness,2024-06-23,Dropped Out,73,20000,18340.44,Individual,4,2024,0
BEN-0428,53,Male,West Bengal,Women Empowerment,2025-02-03,Completed,71,5000,4663.49,Individual,1,2025,1
BEN-0429,50,Female,Delhi,Health Awareness,2025-12-16,Completed,51,10000,9473.49,None,4,2025,1
BEN-0430,47,Male,Karnataka,Health Awareness,2024-05-25,Completed,93,20000,19160.83,None,1,2024,1
BEN-0431,54,Female,Karnataka,Health Awareness,2025-02-22,Completed,55,5000,3793.43,CSR,5,2025,1
BEN-0432,40,Female,Delhi,Health Awareness,2022-01-20,Completed,91,15000,12479.72,None,4,2022,1
BEN-0433,27,Female,Maharashtra,Women Empowerment,2022-08-18,Completed,74,10000,9787.23,None,5,2022,1
BEN-0434,22,Female,Maharashtra,Skill Development,2022-06-04,Ongoing,70,5000,5132.31,Individual,4,2022,0
BEN-0435,53,Male,West Bengal,Skill Development,2025-11-16,Dropped Out,65,10000,8553.07,Corporate,3,2025,0
BEN-0436,51,Female,Uttar Pradesh,Education,2022-11-02,Completed,80,15000,12066.33,Individual,1,2022,1
BEN-0437,48,Male,Maharashtra,Health Awareness,2025-01-22,Completed,63,5000,3964.88,Individual,3,2025,1
BEN-0438,27,Female,Uttar Pradesh,Women Empowerment,2022-03-15,Completed,88,20000,18944.07,None,1,2022,1
BEN-0439,36,Male,Karnataka,Education,2024-01-27,Completed,77,5000,3854.38,None,2,2024,1
BEN-0440,49,Female,Uttar Pradesh,Education,2025-04-07,Completed,81,20000,19445.81,None,4,2025,1
BEN-0441,18,Male,Karnataka,Skill Development,2025-02-05,Dropped Out,77,5000,5207.72,None,2,2025,0
BEN-0442,22,Male,Delhi,Women Empowerment,2022-10-31,Completed,98,20000,15550.55,Individual,2,2022,1
BEN-0443,21,Female,Delhi,Women Empowerment,2024-05-30,Completed,58,15000,13637.17,Individual,1,2024,1
BEN-0444,33,Female,West Bengal,Women Empowerment,2022-09-19,Dropped Out,94,15000,12942.87,None,3,2022,0
BEN-0445,41,Male,Maharashtra,Skill Development,2022-03-27,Completed,71,15000,13291.41,CSR,5,2022,1
BEN-0446,33,Male,West Bengal,Skill Development,2023-09-24,Completed,81,5000,3986.11,None,1,2023,1
BEN-0447,19,Female,Karnataka,Skill Development,2024-01-17,Completed,54,15000,12652.37,None,5,2024,1
BEN-0448,45,Male,West Bengal,Skill Development,2022-03-23,Completed,72,10000,8473.15,None,2,2022,1
BEN-0449,49,Male,Uttar Pradesh,Skill Development,2024-01-03,Ongoing,54,15000,15486.33,None,5,2024,0
BEN-0450,44,Male,Karnataka,Health Awareness,2023-03-07,Completed,91,20000,18577.34,Individual,3,2023,1
BEN-0451,37,Male,Delhi,Health Awareness,2025-10-28,Completed,81,20000,20300.05,None,1,2025,1
BEN-0452,41,Male,Maharashtra,Women Empowerment,2023-05-27,Completed,59,20000,15933.48,None,3,2023,1
BEN-0453,29,Female,Karnataka,Education,2025-09-27,Ongoing,88,5000,4881.65,Individual,3,2025,0
BEN-0454,52,Female,Karnataka,Women Empowerment,2022-07-30,Completed,64,10000,7649.29,None,1,2022,1
BEN-0455,50,Female,Uttar Pradesh,Education,2023-12-26,Completed,56,15000,11617.12,Corporate,3,2023,1
BEN-0456,50,Male,Maharashtra,Skill Development,2025-02-20,Completed,78,10000,8829.34,None,4,2025,1
BEN-0457,54,Male,Delhi,Education,2024-04-12,Completed,96,10000,8772.04,Individual,4,2024,1
BEN-0458,29,Female,Karnataka,Women Empowerment,2025-06-25,Completed,52,20000,18642.46,CSR,4,2025,1
BEN-0459,20,Male,Karnataka,Women Empowerment,2022-11-13,Completed,68,20000,17485.1,Individual,5,2022,1
BEN-0460,18,Male,Uttar Pradesh,Education,2023-04-30,Completed,59,20000,16293.41,None,3,2023,1
BEN-0461,50,Male,West Bengal,Health Awareness,2022-11-29,Completed,77,5000,4518.52,Individual,1,2022,1
BEN-0462,57,Female,Delhi,Skill Development,2022-12-29,Dropped Out,78,10000,8535.52,Individual,1,2022,0
BEN-0463,27,Female,Maharashtra,Skill Development,2024-04-24,Completed,64,10000,7832.67,Corporate,5,2024,1
BEN-0464,46,Female,Karnataka,Women Empowerment,2022-02-20,Completed,84,5000,4767.33,None,1,2022,1
BEN-0465,30,Female,Karnataka,Health Awareness,2023-01-03,Completed,55,5000,4639.7,Individual,4,2023,1
BEN-0466,29,Female,Delhi,Education,2023-11-12,Ongoing,61,5000,4540.4,Individual,3,2023,0
BEN-0467,48,Female,West Bengal,Skill Development,2024-04-23,Completed,96,10000,8425.26,None,1,2024,1
BEN-0468,19,Female,Karnataka,Health Awareness,2025-10-03,Dropped Out,87,10000,8161.56,CSR,1,2025,0
BEN-0469,52,Female,Delhi,Skill Development,2023-05-24,Dropped Out,62,20000,20906.67,None,2,2023,0
BEN-0470,40,Female,Uttar Pradesh,Health Awareness,2023-07-01,Completed,78,20000,15328.69,Individual,2,2023,1
BEN-0471,34,Male,West Bengal,Health Awareness,2022-11-23,Ongoing,68,10000,8113.27,None,2,2022,0
BEN-0472,43,Female,Maharashtra,Women Empowerment,2025-12-07,Completed,52,20000,20671.94,Individual,3,2025,1
BEN-0473,25,Male,Karnataka,Skill Development,2022-08-10,Completed,57,5000,4901.02,Individual,4,2022,1
BEN-0474,46,Male,Delhi,Education,2024-02-23,Dropped Out,57,15000,14688.72,None,4,2024,0
BEN-0475,43,Female,Uttar Pradesh,Women Empowerment,2022-03-21,Completed,69,20000,16736.68,CSR,4,2022,1
BEN-0476,27,Female,Maharashtra,Women Empowerment,2024-08-21,Completed,96,10000,7859.95,None,3,2024,1
BEN-0477,43,Female,Delhi,Education,2023-04-01,Completed,53,20000,17984.31,Corporate,3,2023,1
BEN-0478,51,Male,Delhi,Women Empowerment,2023-02-13,Completed,70,20000,17583.93,Corporate,2,2023,1
BEN-0479,58,Male,Maharashtra,Health Awareness,2024-07-31,Dropped Out,52,20000,15775.11,Corporate,1,2024,0
BEN-0480,24,Female,Uttar Pradesh,Health Awareness,2023-12-18,Completed,94,15000,13646.62,None,5,2023,1
BEN-0481,21,Male,Uttar Pradesh,Skill Development,2023-09-18,Completed,57,5000,4095.17,Individual,5,2023,1
BEN-0482,28,Female,West Bengal,Skill Development,2023-04-12,Completed,72,10000,9176.17,Individual,1,2023,1
BEN-0483,46,Female,Karnataka,Education,2023-04-02,Completed,65,15000,14256.22,Corporate,2,2023,1
BEN-0484,53,Male,Maharashtra,Skill Development,2022-02-18,Dropped Out,62,10000,8562.5,CSR,1,2022,0
BEN-0485,42,Female,Maharashtra,Health Awareness,2025-09-13,Completed,52,10000,8691.21,Individual,1,2025,1
BEN-0486,38,Male,Maharashtra,Education,2023-01-31,Ongoing,97,10000,9726.12,None,5,2023,0
BEN-0487,53,Female,Uttar Pradesh,Education,2024-03-27,Completed,58,15000,13212.99,Individual,2,2024,1
BEN-0488,27,Other,Karnataka,Skill Development,2023-11-04,Completed,63,5000,4439.63,None,3,2023,1
BEN-0489,54,Female,West Bengal,Health Awareness,2023-07-25,Completed,62,10000,7733.59,Individual,5,2023,1
BEN-0490,26,Female,Delhi,Education,2022-05-23,Completed,56,5000,4219.59,None,3,2022,1
BEN-0491,41,Male,Delhi,Health Awareness,2023-07-26,Completed,64,5000,4393.93,None,2,2023,1
BEN-0492,52,Female,Maharashtra,Health Awareness,2023-12-21,Completed,56,20000,17426.54,Individual,1,2023,1
BEN-0493,52,Other,Karnataka,Health Awareness,2025-08-06,Completed,87,15000,14130.64,None,4,2025,1
BEN-0494,53,Male,Uttar Pradesh,Skill Development,2024-11-09,Ongoing,83,15000,12552.82,Corporate,4,2024,0
BEN-0495,35,Male,Karnataka,Women Empowerment,2024-03-29,Completed,90,20000,17430.19,None,2,2024,1
BEN-0496,56,Male,Karnataka,Women Empowerment,2025-10-23,Completed,71,20000,20797.2,None,4,2025,1
BEN-0497,49,Male,Uttar Pradesh,Education,2025-01-03,Completed,73,5000,4007.81,Corporate,3,2025,1
BEN-0498,41,Male,Maharashtra,Health Awareness,2023-11-10,Completed,98,10000,10342.84,Individual,4,2023,1
BEN-0499,40,Male,Karnataka,Skill Development,2022-02-26,Completed,86,15000,13320.44,Corporate,2,2022,1
BEN-0500,49,Male,Delhi,Health Awareness,2022-08-25,Dropped Out,93,10000,9568.83,Individual,2,2022,0
BEN-0501,54,Female,Uttar Pradesh,Health Awareness,2023-06-19,Ongoing,50,10000,8585.56,Individual,3,2023,0
BEN-0502,29,Female,West Bengal,Skill Development,2023-01-01,Completed,59,20000,17620.27,Individual,4,2023,1
BEN-0503,30,Male,Maharashtra,Women Empowerment,2025-04-04,Completed,92,10000,7817.59,Corporate,4,2025,1
BEN-0504,40,Female,Uttar Pradesh,Health Awareness,2023-06-28,Completed,65,5000,4403.51,None,1,2023,1
BEN-0505,42,Female,West Bengal,Health Awareness,2022-03-20,Completed,95,20000,17402.7,Individual,5,2022,1
BEN-0506,52,Female,West Bengal,Women Empowerment,2022-08-11,Completed,57,10000,7735.94,Individual,2,2022,1
BEN-0507,58,Female,Karnataka,Skill Development,2025-05-06,Completed,98,20000,20223.15,None,1,2025,1
BEN-0508,47,Male,Karnataka,Education,2024-06-08,Completed,74,5000,4868.71,Individual,2,2024,1
BEN-0509,34,Male,Karnataka,Women Empowerment,2023-12-09,Completed,99,5000,4082.36,Individual,1,2023,1
BEN-0510,37,Female,Uttar Pradesh,Education,2023-10-05,Dropped Out,61,10000,9837.35,Individual,5,2023,0
BEN-0511,42,Female,Uttar Pradesh,Education,2024-06-12,Completed,74,20000,15458.28,None,1,2024,1
BEN-0512,39,Male,Maharashtra,Women Empowerment,2025-05-26,Completed,66,10000,9399.67,None,2,2025,1
BEN-0513,30,Female,Karnataka,Health Awareness,2024-11-13,Completed,75,10000,9091.81,Corporate,4,2024,1
BEN-0514,36,Male,West Bengal,Education,2022-08-25,Completed,95,20000,16163.42,None,2,2022,1
BEN-0515,53,Female,Delhi,Education,2024-02-28,Ongoing,97,10000,9828.68,CSR,3,2024,0
BEN-0516,29,Female,Maharashtra,Skill Development,2025-03-26,Dropped Out,63,5000,4276.65,None,3,2025,0
BEN-0517,58,Other,Uttar Pradesh,Health Awareness,2023-01-25,Dropped Out,90,20000,20749.34,None,3,2023,0
BEN-0518,36,Female,Maharashtra,Education,2023-06-06,Completed,85,20000,18872.66,None,3,2023,1
BEN-0519,29,Male,Maharashtra,Skill Development,2022-04-01,Completed,72,20000,15886.14,Individual,5,2022,1
BEN-0520,26,Male,Maharashtra,Health Awareness,2025-12-22,Completed,92,20000,15616.83,Individual,4,2025,1
BEN-0521,24,Female,Maharashtra,Women Empowerment,2024-06-12,Dropped Out,55,10000,8267.9,Corporate,4,2024,0
BEN-0522,45,Male,Delhi,Women Empowerment,2022-01-04,Completed,96,10000,8020.5,None,2,2022,1
BEN-0523,31,Male,Karnataka,Skill Development,2024-11-30,Ongoing,54,5000,3979.3,CSR,1,2024,0
BEN-0524,48,Female,West Bengal,Women Empowerment,2025-01-07,Ongoing,92,15000,14666.19,None,2,2025,0
BEN-0525,36,Male,Maharashtra,Education,2025-11-07,Completed,74,15000,11589.09,None,2,2025,1
BEN-0526,33,Male,Maharashtra,Health Awareness,2025-10-05,Completed,67,5000,5176.94,Individual,2,2025,1
BEN-0527,22,Male,Maharashtra,Education,2023-02-08,Completed,62,15000,14075.77,None,2,2023,1
BEN-0528,52,Male,Karnataka,Education,2024-01-16,Dropped Out,92,5000,4445.93,None,4,2024,0
BEN-0529,29,Female,Uttar Pradesh,Women Empowerment,2024-06-02,Completed,63,10000,9191.21,None,1,2024,1
BEN-0530,42,Male,Uttar Pradesh,Education,2022-05-24,Dropped Out,77,20000,18476.81,None,2,2022,0
BEN-0531,38,Male,Delhi,Women Empowerment,2025-09-22,Completed,67,20000,19086.8,None,4,2025,1
BEN-0532,53,Male,Uttar Pradesh,Health Awareness,2023-11-08,Completed,77,10000,10146.14,Individual,2,2023,1
BEN-0533,40,Male,Maharashtra,Health Awareness,2025-06-30,Ongoing,76,20000,18857.95,None,3,2025,0
BEN-0534,33,Male,Maharashtra,Education,2023-10-05,Completed,81,20000,20919.19,Individual,2,2023,1
BEN-0535,56,Female,Maharashtra,Skill Development,2025-09-20,Completed,96,15000,12704.44,None,2,2025,1
BEN-0536,59,Male,Delhi,Women Empowerment,2022-09-13,Completed,58,10000,10412.92,None,5,2022,1
BEN-0537,56,Male,Maharashtra,Women Empowerment,2023-09-08,Completed,89,15000,12672.63,Corporate,3,2023,1
BEN-0538,31,Male,Uttar Pradesh,Education,2024-11-04,Dropped Out,81,15000,13228.93,None,1,2024,0
BEN-0539,48,Male,Karnataka,Women Empowerment,2023-09-26,Completed,69,20000,17813.53,Corporate,2,2023,1
BEN-0540,22,Female,Karnataka,Women Empowerment,2025-09-27,Ongoing,77,20000,18788.31,Corporate,1,2025,0
BEN-0541,52,Female,West Bengal,Skill Development,2024-04-16,Dropped Out,82,10000,9888.99,Corporate,3,2024,0
BEN-0542,40,Female,Uttar Pradesh,Skill Development,2023-10-31,Completed,53,20000,18548.52,None,2,2023,1
BEN-0543,46,Female,Maharashtra,Education,2024-04-04,Completed,95,20000,17111.65,None,5,2024,1
BEN-0544,28,Male,Karnataka,Skill Development,2025-11-28,Completed,83,10000,7722.57,None,4,2025,1
BEN-0545,35,Male,Uttar Pradesh,Education,2023-08-29,Completed,97,20000,17770.45,Individual,5,2023,1
BEN-0546,29,Male,Karnataka,Health Awareness,2025-02-09,Ongoing,52,15000,11419.23,None,5,2025,0
BEN-0547,26,Female,Maharashtra,Education,2022-09-18,Completed,75,10000,8606.21,None,4,2022,1
BEN-0548,27,Male,Karnataka,Health Awareness,2023-01-28,Completed,57,20000,16722.46,Individual,4,2023,1
BEN-0549,34,Female,West Bengal,Education,2024-05-11,Completed,55,5000,4717.0,Individual,4,2024,1
BEN-0550,55,Female,West Bengal,Women Empowerment,2025-09-23,Completed,65,10000,10432.11,Individual,2,2025,1
BEN-0551,24,Male,Karnataka,Skill Development,2024-02-16,Completed,73,10000,7770.89,None,1,2024,1
BEN-0552,30,Male,Uttar Pradesh,Health Awareness,2025-10-19,Dropped Out,97,5000,4641.12,None,1,2025,0
BEN-0553,57,Female,Uttar Pradesh,Education,2022-12-23,Completed,88,20000,17306.89,None,4,2022,1
BEN-0554,59,Female,Uttar Pradesh,Skill Development,2025-06-14,Completed,79,20000,18481.98,Individual,5,2025,1
BEN-0555,26,Female,Karnataka,Education,2025-03-11,Completed,94,10000,10362.69,None,3,2025,1
BEN-0556,44,Female,Uttar Pradesh,Skill Development,2023-09-09,Completed,62,10000,9716.76,Individual,4,2023,1
BEN-0557,19,Male,Maharashtra,Skill Development,2024-04-11,Completed,54,20000,15246.14,Corporate,5,2024,1
BEN-0558,22,Female,West Bengal,Education,2025-01-27,Completed,74,20000,20454.3,None,5,2025,1
BEN-0559,46,Female,Maharashtra,Health Awareness,2022-01-01,Completed,69,15000,13822.46,Individual,2,2022,1
BEN-0560,54,Female,Uttar Pradesh,Health Awareness,2023-09-15,Completed,67,10000,8064.72,None,2,2023,1
BEN-0561,55,Female,Maharashtra,Women Empowerment,2023-08-11,Completed,96,10000,9315.02,Individual,1,2023,1
BEN-0562,36,Female,Uttar Pradesh,Skill Development,2023-03-07,Completed,67,5000,4502.05,None,1,2023,1
BEN-0563,25,Female,Karnataka,Women Empowerment,2024-05-30,Ongoing,51,15000,15559.75,Corporate,3,2024,0
BEN-0564,18,Female,Maharashtra,Women Empowerment,2025-04-02,Ongoing,59,20000,17703.14,CSR,3,2025,0
BEN-0565,39,Female,Karnataka,Education,2025-05-27,Completed,94,15000,14899.35,Individual,3,2025,1
BEN-0566,34,Male,Karnataka,Education,2025-09-02,Ongoing,99,20000,20024.26,Individual,3,2025,0
BEN-0567,24,Female,Delhi,Education,2023-10-22,Dropped Out,96,20000,20894.31,None,5,2023,0
BEN-0568,42,Male,Uttar Pradesh,Skill Development,2024-08-10,Completed,61,15000,11629.48,Individual,5,2024,1
BEN-0569,21,Female,West Bengal,Education,2024-06-23,Completed,96,10000,9438.38,None,1,2024,1
BEN-0570,53,Male,Uttar Pradesh,Education,2024-06-24,Dropped Out,62,20000,15234.85,None,2,2024,0
BEN-0571,23,Male,West Bengal,Skill Development,2025-10-15,Completed,99,15000,14434.3,Individual,2,2025,1
BEN-0572,48,Male,Uttar Pradesh,Skill Development,2023-03-14,Completed,96,5000,5236.48,Individual,4,2023,1
BEN-0573,36,Male,Karnataka,Health Awareness,2024-11-12,Dropped Out,60,15000,13608.31,None,5,2024,0
BEN-0574,56,Female,Maharashtra,Education,2024-08-27,Completed,68,5000,4664.71,None,3,2024,1
BEN-0575,44,Female,Maharashtra,Education,2022-12-14,Completed,84,20000,17183.39,None,3,2022,1
BEN-0576,27,Female,Delhi,Education,2025-09-11,Ongoing,88,15000,15380.72,CSR,4,2025,0
BEN-0577,43,Male,West Bengal,Health Awareness,2022-06-23,Completed,75,15000,12993.37,None,2,2022,1
BEN-0578,36,Female,West Bengal,Education,2023-08-05,Completed,95,5000,4911.7,Individual,3,2023,1
BEN-0579,56,Female,West Bengal,Health Awareness,2024-11-21,Completed,63,15000,14305.04,None,2,2024,1
BEN-0580,20,Male,Karnataka,Women Empowerment,2025-09-21,Completed,94,15000,11485.64,None,4,2025,1
BEN-0581,30,Male,West Bengal,Health Awareness,2025-07-20,Dropped Out,93,20000,18785.32,Individual,2,2025,0
BEN-0582,45,Male,Maharashtra,Women Empowerment,2025-06-22,Completed,73,15000,12755.92,Individual,2,2025,1
BEN-0583,37,Male,Karnataka,Education,2023-11-18,Completed,90,10000,8489.07,Individual,2,2023,1
BEN-0584,45,Other,Uttar Pradesh,Women Empowerment,2022-07-11,Completed,50,5000,4586.94,Individual,3,2022,1
BEN-0585,25,Female,West Bengal,Health Awareness,2023-04-27,Completed,92,15000,12989.54,None,1,2023,1
BEN-0586,58,Female,West Bengal,Skill Development,2025-10-09,Completed,71,5000,4127.99,Corporate,5,2025,1
BEN-0587,56,Female,Uttar Pradesh,Women Empowerment,2023-09-28,Dropped Out,72,5000,5027.35,Individual,2,2023,0
BEN-0588,18,Female,West Bengal,Women Empowerment,2023-04-06,Completed,68,5000,5196.62,Corporate,2,2023,1
BEN-0589,20,Male,Uttar Pradesh,Education,2023-02-12,Completed,67,15000,13962.15,None,2,2023,1
BEN-0590,30,Female,Karnataka,Health Awareness,2022-10-29,Completed,61,15000,11926.68,None,1,2022,1
BEN-0591,45,Male,Maharashtra,Women Empowerment,2022-02-20,Dropped Out,77,5000,3872.25,Corporate,4,2022,0
BEN-0592,42,Female,Uttar Pradesh,Women Empowerment,2022-04-05,Ongoing,77,10000,9490.84,Individual,3,2022,0
BEN-0593,50,Male,Delhi,Women Empowerment,2023-05-17,Ongoing,82,5000,5125.12,None,1,2023,0
BEN-0594,55,Male,Uttar Pradesh,Women Empowerment,2024-08-31,Dropped Out,68,10000,8430.7,None,2,2024,0
BEN-0595,23,Female,West Bengal,Skill Development,2025-06-05,Dropped Out,77,5000,4734.08,Individual,1,2025,0
BEN-0596,49,Female,Karnataka,Health Awareness,2022-05-30,Completed,98,20000,18972.81,Individual,1,2022,1
BEN-0597,38,Female,Karnataka,Education,2024-07-21,Completed,86,5000,3943.43,Individual,1,2024,1
BEN-0598,33,Female,Uttar Pradesh,Education,2024-04-28,Completed,75,5000,4813.25,Individual,4,2024,1
BEN-0599,38,Female,Maharashtra,Skill Development,2025-07-13,Dropped Out,84,15000,11631.24,CSR,5,2025,0
BEN-0600,28,Female,Delhi,Health Awareness,2025-03-24,Ongoing,83,10000,9176.77,None,3,2025,0
BEN-0601,54,Female,Karnataka,Women Empowerment,2023-02-03,Completed,84,20000,18860.96,Corporate,4,2023,1
BEN-0602,53,Male,West Bengal,Skill Development,2025-11-27,Ongoing,89,10000,8485.43,None,4,2025,0
BEN-0603,52,Male,West Bengal,Health Awareness,2024-02-26,Completed,65,20000,15766.76,Corporate,5,2024,1
BEN-0604,36,Male,Maharashtra,Women Empowerment,2024-10-09,Completed,87,5000,4804.25,None,4,2024,1
BEN-0605,37,Female,Karnataka,Skill Development,2024-03-29,Completed,62,15000,15511.99,None,1,2024,1
BEN-0606,35,Male,Uttar Pradesh,Health Awareness,2023-05-15,Completed,72,15000,15737.24,Individual,1,2023,1
BEN-0607,58,Female,West Bengal,Education,2022-10-30,Completed,71,10000,10237.34,Corporate,2,2022,1
BEN-0608,31,Female,Maharashtra,Education,2025-09-05,Completed,65,15000,11670.54,None,4,2025,1
BEN-0609,32,Male,Karnataka,Health Awareness,2025-11-09,Completed,77,10000,9511.37,Individual,2,2025,1
BEN-0610,48,Female,Karnataka,Education,2022-01-12,Completed,97,10000,9025.47,Corporate,3,2022,1
BEN-0611,18,Male,Karnataka,Health Awareness,2022-08-07,Dropped Out,84,20000,15109.38,CSR,1,2022,0
BEN-0612,20,Male,Karnataka,Women Empowerment,2024-05-20,Dropped Out,94,10000,8426.6,None,3,2024,0
BEN-0613,33,Female,Karnataka,Health Awareness,2023-03-25,Ongoing,95,20000,20707.02,Corporate,5,2023,0
BEN-0614,40,Female,West Bengal,Women Empowerment,2022-12-27,Completed,57,15000,12787.8,None,1,2022,1
BEN-0615,28,Female,Maharashtra,Skill Development,2025-11-26,Completed,93,10000,9798.47,Corporate,3,2025,1
BEN-0616,29,Male,Karnataka,Health Awareness,2024-11-26,Completed,71,10000,8076.02,None,5,2024,1
BEN-0617,27,Female,Delhi,Skill Development,2024-08-09,Completed,70,5000,5249.96,CSR,3,2024,1
BEN-0618,49,Female,Delhi,Education,2022-04-13,Completed,75,10000,7964.84,None,5,2022,1
BEN-0619,33,Female,Maharashtra,Women Empowerment,2025-02-15,Completed,89,10000,8387.38,Corporate,5,2025,1
BEN-0620,25,Male,Uttar Pradesh,Health Awareness,2023-05-26,Completed,70,5000,4932.18,None,1,2023,1
BEN-0621,55,Female,Uttar Pradesh,Skill Development,2022-09-06,Completed,74,5000,4511.53,None,2,2022,1
BEN-0622,29,Female,Uttar Pradesh,Women Empowerment,2024-07-23,Completed,90,15000,13678.97,Corporate,5,2024,1
BEN-0623,41,Male,Delhi,Women Empowerment,2022-10-01,Completed,50,10000,9715.93,Individual,5,2022,1
BEN-0624,45,Male,Uttar Pradesh,Education,2024-08-09,Completed,55,15000,13619.39,Individual,1,2024,1
BEN-0625,25,Female,West Bengal,Education,2025-09-29,Completed,72,15000,14228.68,Individual,2,2025,1
BEN-0626,45,Female,Karnataka,Women Empowerment,2024-12-23,Completed,72,5000,5064.59,None,4,2024,1
BEN-0627,53,Female,Delhi,Women Empowerment,2025-02-18,Completed,92,20000,18708.19,Individual,4,2025,1
BEN-0628,43,Male,Maharashtra,Health Awareness,2025-05-04,Completed,92,15000,13937.61,Individual,2,2025,1
BEN-0629,25,Female,Maharashtra,Women Empowerment,2023-10-12,Completed,72,20000,15925.52,None,3,2023,1
BEN-0630,45,Female,Karnataka,Health Awareness,2024-06-25,Completed,81,10000,8042.54,Corporate,1,2024,1
BEN-0631,45,Male,Delhi,Women Empowerment,2025-06-08,Completed,79,5000,4789.27,CSR,2,2025,1
BEN-0632,54,Male,Uttar Pradesh,Education,2024-10-30,Completed,62,10000,9374.22,Individual,4,2024,1
BEN-0633,58,Female,Uttar Pradesh,Health Awareness,2024-05-23,Completed,92,10000,10207.97,None,5,2024,1
BEN-0634,53,Male,West Bengal,Skill Development,2025-01-27,Ongoing,67,5000,4831.77,None,4,2025,0
BEN-0635,44,Male,West Bengal,Education,2024-07-02,Completed,72,10000,7631.08,None,5,2024,1
BEN-0636,34,Female,Uttar Pradesh,Health Awareness,2022-11-22,Completed,64,5000,4296.45,Corporate,1,2022,1
BEN-0637,26,Female,Maharashtra,Health Awareness,2024-08-30,Completed,82,20000,19317.51,None,5,2024,1
BEN-0638,50,Other,Maharashtra,Skill Development,2024-07-10,Completed,70,10000,10408.77,Individual,2,2024,1
BEN-0639,37,Female,West Bengal,Health Awareness,2023-06-15,Completed,88,5000,4665.89,Individual,5,2023,1
BEN-0640,30,Female,Karnataka,Women Empowerment,2023-05-22,Completed,72,15000,14635.76,Individual,3,2023,1
BEN-0641,45,Female,Uttar Pradesh,Skill Development,2025-07-29,Dropped Out,76,10000,9851.4,CSR,2,2025,0
BEN-0642,46,Male,West Bengal,Education,2023-07-22,Completed,94,20000,16404.02,Corporate,1,2023,1
BEN-0643,30,Female,West Bengal,Education,2024-12-03,Completed,93,5000,4108.75,CSR,2,2024,1
BEN-0644,52,Female,Uttar Pradesh,Women Empowerment,2024-09-19,Completed,67,10000,10396.79,Individual,3,2024,1
BEN-0645,23,Female,Uttar Pradesh,Education,2025-07-07,Dropped Out,73,10000,9853.11,Corporate,1,2025,0
BEN-0646,35,Female,Maharashtra,Health Awareness,2023-05-05,Completed,96,10000,10211.92,None,4,2023,1
BEN-0647,22,Male,Karnataka,Health Awareness,2023-07-17,Ongoing,89,20000,16164.1,Corporate,3,2023,0
BEN-0648,42,Male,Karnataka,Women Empowerment,2024-06-19,Completed,91,5000,4767.46,None,1,2024,1
BEN-0649,19,Female,Uttar Pradesh,Education,2022-06-08,Ongoing,56,15000,13816.89,Individual,5,2022,0
BEN-0650,27,Female,Delhi,Education,2023-08-09,Ongoing,99,15000,13232.69,None,2,2023,0
BEN-0651,47,Male,West Bengal,Women Empowerment,2023-04-26,Completed,97,15000,14712.47,CSR,1,2023,1
BEN-0652,22,Female,West Bengal,Skill Development,2023-07-11,Completed,69,5000,4917.19,Individual,2,2023,1
BEN-0653,50,Female,Uttar Pradesh,Education,2023-11-19,Completed,76,15000,13513.08,Individual,5,2023,1
BEN-0654,18,Other,Delhi,Skill Development,2023-10-17,Completed,55,20000,17511.96,None,1,2023,1
BEN-0655,35,Male,Maharashtra,Education,2025-01-11,Completed,76,5000,3993.09,None,4,2025,1
BEN-0656,49,Female,Uttar Pradesh,Education,2022-06-15,Completed,58,10000,8099.09,Corporate,3,2022,1
BEN-0657,28,Female,Uttar Pradesh,Education,2022-10-11,Completed,94,20000,18627.98,Individual,1,2022,1
BEN-0658,38,Female,West Bengal,Education,2022-11-05,Completed,80,10000,10119.01,None,5,2022,1
BEN-0659,43,Female,Uttar Pradesh,Health Awareness,2023-04-19,Ongoing,70,15000,11484.81,None,1,2023,0
BEN-0660,42,Female,Uttar Pradesh,Skill Development,2024-02-24,Completed,75,20000,17883.54,Corporate,2,2024,1
BEN-0661,39,Female,Uttar Pradesh,Skill Development,2025-11-22,Completed,89,5000,4306.82,Corporate,1,2025,1
BEN-0662,44,Female,West Bengal,Education,2022-11-09,Completed,97,20000,20605.76,Individual,4,2022,1
BEN-0663,30,Male,Maharashtra,Education,2025-12-17,Ongoing,94,10000,9634.2,None,1,2025,0
BEN-0664,50,Male,Maharashtra,Skill Development,2023-03-15,Completed,62,5000,4523.86,Corporate,3,2023,1
BEN-0665,51,Female,Uttar Pradesh,Health Awareness,2022-05-12,Completed,98,20000,15748.07,None,1,2022,1
BEN-0666,58,Female,West Bengal,Women Empowerment,2024-04-29,Completed,72,20000,15503.25,Corporate,2,2024,1
BEN-0667,52,Male,Maharashtra,Women Empowerment,2024-04-14,Completed,69,20000,15961.87,Corporate,1,2024,1
BEN-0668,18,Female,Maharashtra,Skill Development,2023-11-09,Completed,86,20000,17695.92,CSR,4,2023,1
BEN-0669,38,Female,Maharashtra,Education,2025-01-16,Ongoing,77,5000,4520.03,None,5,2025,0
BEN-0670,23,Male,West Bengal,Education,2024-08-12,Dropped Out,66,10000,9993.14,None,1,2024,0
BEN-0671,45,Female,West Bengal,Health Awareness,2024-05-01,Completed,77,20000,15550.28,Corporate,1,2024,1
BEN-0672,34,Male,Uttar Pradesh,Women Empowerment,2022-05-08,Dropped Out,90,5000,5115.76,None,3,2022,0
BEN-0673,22,Other,Karnataka,Health Awareness,2023-02-28,Completed,51,10000,9950.11,CSR,4,2023,1
BEN-0674,48,Female,Maharashtra,Women Empowerment,2024-05-10,Completed,74,20000,20307.78,Corporate,5,2024,1
BEN-0675,22,Female,Karnataka,Skill Development,2024-03-08,Dropped Out,99,10000,10291.42,Individual,2,2024,0
BEN-0676,55,Female,West Bengal,Women Empowerment,2025-04-11,Completed,90,10000,8744.69,Corporate,1,2025,1
BEN-0677,20,Male,West Bengal,Health Awareness,2025-11-25,Dropped Out,55,5000,4344.68,Individual,5,2025,0
BEN-0678,40,Male,West Bengal,Health Awareness,2022-02-10,Completed,60,10000,8621.88,None,2,2022,1
BEN-0679,54,Male,Karnataka,Health Awareness,2025-03-25,Completed,87,5000,4329.25,Corporate,4,2025,1
BEN-0680,54,Female,West Bengal,Skill Development,2024-02-19,Completed,55,20000,15489.63,None,4,2024,1
BEN-0681,27,Male,Uttar Pradesh,Women Empowerment,2024-09-03,Completed,94,10000,8173.62,CSR,5,2024,1
BEN-0682,27,Male,West Bengal,Women Empowerment,2022-01-13,Completed,60,10000,8456.05,None,2,2022,1
BEN-0683,36,Male,Delhi,Health Awareness,2023-12-22,Ongoing,63,15000,11695.87,CSR,4,2023,0
BEN-0684,34,Male,Karnataka,Women Empowerment,2023-09-04,Completed,51,20000,19288.23,Individual,5,2023,1
BEN-0685,38,Male,Delhi,Education,2024-03-09,Dropped Out,89,20000,17011.74,Corporate,4,2024,0
BEN-0686,31,Male,West Bengal,Education,2024-05-08,Dropped Out,52,15000,11907.22,Individual,4,2024,0
BEN-0687,26,Male,Uttar Pradesh,Education,2025-01-07,Completed,84,15000,11422.36,None,4,2025,1
BEN-0688,18,Female,Maharashtra,Women Empowerment,2025-01-23,Completed,82,5000,5126.09,Corporate,3,2025,1
BEN-0689,30,Female,West Bengal,Skill Development,2025-05-20,Completed,73,5000,4458.68,None,2,2025,1
BEN-0690,21,Male,Uttar Pradesh,Skill Development,2023-03-28,Completed,68,10000,9993.33,Individual,5,2023,1
BEN-0691,18,Female,Karnataka,Skill Development,2024-09-26,Ongoing,67,10000,9776.52,Individual,5,2024,0
BEN-0692,57,Male,Delhi,Skill Development,2023-03-26,Completed,98,10000,8907.33,Corporate,2,2023,1
BEN-0693,49,Other,Delhi,Education,2023-07-13,Completed,73,10000,9346.04,None,2,2023,1
BEN-0694,51,Male,Delhi,Education,2024-06-11,Completed,94,5000,5108.79,None,2,2024,1
BEN-0695,45,Female,Karnataka,Health Awareness,2024-09-21,Completed,84,20000,15114.02,Corporate,2,2024,1
BEN-0696,48,Female,Uttar Pradesh,Women Empowerment,2022-03-01,Completed,50,10000,8146.96,CSR,1,2022,1
BEN-0697,25,Female,Karnataka,Women Empowerment,2024-03-07,Completed,85,20000,15897.12,Individual,5,2024,1
BEN-0698,56,Male,Delhi,Skill Development,2023-11-20,Completed,74,10000,10320.68,None,1,2023,1
BEN-0699,43,Male,West Bengal,Education,2025-10-01,Completed,94,15000,13989.96,None,4,2025,1
BEN-0700,51,Male,Maharashtra,Skill Development,2025-10-22,Completed,98,10000,8769.76,Individual,4,2025,1
BEN-0701,20,Female,Karnataka,Health Awareness,2024-04-08,Completed,92,10000,9828.52,CSR,5,2024,1
BEN-0702,29,Male,Karnataka,Women Empowerment,2022-12-05,Completed,83,10000,8212.92,Individual,4,2022,1
BEN-0703,18,Male,Uttar Pradesh,Women Empowerment,2024-08-15,Dropped Out,74,5000,3932.77,None,2,2024,0
BEN-0704,22,Female,Uttar Pradesh,Skill Development,2022-09-19,Completed,65,15000,12322.98,Individual,1,2022,1
BEN-0705,47,Male,Karnataka,Health Awareness,2025-06-28,Completed,83,10000,9416.86,None,2,2025,1
BEN-0706,47,Female,Delhi,Women Empowerment,2024-12-29,Completed,78,10000,9368.43,Individual,4,2024,1
BEN-0707,34,Female,Maharashtra,Health Awareness,2022-02-25,Completed,68,20000,15376.84,None,1,2022,1
BEN-0708,40,Male,Uttar Pradesh,Health Awareness,2024-03-17,Ongoing,72,15000,15015.09,None,2,2024,0
BEN-0709,32,Female,Delhi,Skill Development,2025-04-27,Completed,68,10000,8999.49,None,5,2025,1
BEN-0710,54,Male,West Bengal,Education,2025-03-01,Completed,74,20000,18216.32,None,2,2025,1
BEN-0711,38,Male,Uttar Pradesh,Skill Development,2025-09-19,Dropped Out,65,20000,18791.73,None,4,2025,0
BEN-0712,31,Male,Delhi,Education,2022-02-25,Completed,58,5000,4612.57,Individual,1,2022,1
BEN-0713,19,Female,Delhi,Health Awareness,2022-06-21,Completed,50,20000,19311.27,Corporate,5,2022,1
BEN-0714,28,Female,Maharashtra,Education,2025-08-09,Completed,91,10000,8373.82,Individual,1,2025,1
BEN-0715,56,Male,Maharashtra,Health Awareness,2024-05-27,Completed,68,5000,3752.35,None,5,2024,1
BEN-0716,55,Female,West Bengal,Women Empowerment,2022-10-05,Completed,82,5000,4279.22,Corporate,1,2022,1
BEN-0717,51,Female,Delhi,Women Empowerment,2024-08-03,Completed,83,10000,9211.99,None,4,2024,1
BEN-0718,55,Female,Delhi,Women Empowerment,2023-01-08,Dropped Out,65,15000,12092.91,None,5,2023,0
BEN-0719,51,Male,Maharashtra,Skill Development,2022-04-13,Dropped Out,93,20000,19009.29,Individual,3,2022,0
BEN-0720,35,Female,Uttar Pradesh,Skill Development,2023-06-17,Completed,89,5000,4535.23,Individual,1,2023,1
BEN-0721,47,Male,Uttar Pradesh,Health Awareness,2024-02-16,Completed,67,15000,12872.72,Individual,1,2024,1
BEN-0722,32,Male,Karnataka,Women Empowerment,2023-11-02,Dropped Out,83,10000,10360.21,Corporate,2,2023,0
BEN-0723,44,Female,Maharashtra,Skill Development,2023-03-10,Completed,74,20000,18264.49,Individual,5,2023,1
BEN-0724,51,Female,Karnataka,Women Empowerment,2024-07-20,Dropped Out,94,20000,19718.47,Individual,3,2024,0
BEN-0725,55,Male,Maharashtra,Skill Development,2023-11-01,Dropped Out,55,5000,4511.43,None,4,2023,0
BEN-0726,50,Male,West Bengal,Education,2023-11-23,Completed,70,20000,15122.01,None,2,2023,1
BEN-0727,41,Male,Delhi,Education,2024-02-16,Completed,55,20000,20239.99,Corporate,3,2024,1
BEN-0728,32,Male,West Bengal,Women Empowerment,2023-07-24,Completed,81,20000,15261.21,Corporate,5,2023,1
BEN-0729,47,Female,Maharashtra,Health Awareness,2024-05-13,Completed,90,20000,17321.29,Individual,3,2024,1
BEN-0730,59,Female,Delhi,Skill Development,2023-06-01,Dropped Out,97,10000,8619.91,None,1,2023,0
BEN-0731,34,Female,Uttar Pradesh,Skill Development,2022-06-17,Completed,92,15000,14612.92,None,1,2022,1
BEN-0732,22,Female,Uttar Pradesh,Education,2024-08-21,Dropped Out,88,10000,8571.28,Individual,2,2024,0
BEN-0733,46,Female,Karnataka,Education,2022-02-09,Completed,80,10000,7702.68,Individual,5,2022,1
BEN-0734,21,Female,Maharashtra,Health Awareness,2025-01-09,Completed,91,5000,4111.69,None,5,2025,1
BEN-0735,27,Female,Maharashtra,Health Awareness,2022-04-17,Completed,59,20000,18942.63,None,3,2022,1
BEN-0736,34,Male,Uttar Pradesh,Health Awareness,2023-12-18,Completed,79,10000,7810.99,Individual,2,2023,1
BEN-0737,27,Male,West Bengal,Women Empowerment,2023-04-05,Completed,67,20000,18491.42,None,5,2023,1
BEN-0738,34,Female,Delhi,Education,2025-08-24,Completed,73,10000,9770.04,Corporate,1,2025,1
BEN-0739,37,Male,West Bengal,Women Empowerment,2022-05-21,Ongoing,58,10000,7900.23,Corporate,3,2022,0
BEN-0740,41,Female,West Bengal,Education,2025-08-27,Completed,80,5000,4278.45,None,4,2025,1
BEN-0741,22,Male,Uttar Pradesh,Education,2022-03-24,Completed,64,15000,12773.46,None,1,2022,1
BEN-0742,51,Female,Uttar Pradesh,Skill Development,2022-03-05,Completed,53,15000,14142.58,Corporate,2,2022,1
BEN-0743,23,Male,Uttar Pradesh,Education,2023-05-22,Dropped Out,89,10000,9991.15,None,5,2023,0
BEN-0744,19,Male,Karnataka,Education,2023-02-13,Completed,58,5000,4777.02,Corporate,1,2023,1
BEN-0745,30,Female,West Bengal,Women Empowerment,2022-02-11,Completed,94,20000,20884.92,None,4,2022,1
BEN-0746,28,Female,Maharashtra,Education,2025-06-26,Dropped Out,58,20000,17871.19,Corporate,4,2025,0
BEN-0747,40,Female,Delhi,Women Empowerment,2022-11-09,Dropped Out,75,10000,8046.83,None,2,2022,0
BEN-0748,33,Female,Karnataka,Health Awareness,2023-05-04,Completed,53,15000,11856.84,None,1,2023,1
BEN-0749,48,Female,Maharashtra,Education,2022-09-16,Completed,66,5000,4824.07,Individual,3,2022,1
BEN-0750,28,Male,West Bengal,Education,2024-08-27,Completed,65,15000,15496.22,None,1,2024,1
BEN-0751,33,Female,Uttar Pradesh,Women Empowerment,2025-10-03,Completed,64,20000,15221.9,None,4,2025,1
BEN-0752,25,Male,West Bengal,Health Awareness,2022-08-23,Dropped Out,84,15000,12157.16,None,2,2022,0
BEN-0753,21,Male,Delhi,Skill Development,2025-03-01,Completed,54,20000,19746.66,Individual,2,2025,1
BEN-0754,57,Female,Karnataka,Health Awareness,2023-03-23,Ongoing,54,5000,5078.69,None,3,2023,0
BEN-0755,21,Male,Karnataka,Women Empowerment,2024-08-10,Completed,69,5000,4223.39,None,2,2024,1
BEN-0756,42,Female,Delhi,Health Awareness,2025-12-03,Completed,64,10000,8430.23,Individual,2,2025,1
BEN-0757,20,Male,Maharashtra,Women Empowerment,2023-06-09,Completed,67,10000,8694.67,None,2,2023,1
BEN-0758,49,Female,Maharashtra,Women Empowerment,2024-01-26,Completed,96,15000,14919.33,Individual,2,2024,1
BEN-0759,20,Other,Karnataka,Skill Development,2022-12-10,Dropped Out,51,5000,4460.1,Individual,2,2022,0
BEN-0760,44,Male,Karnataka,Education,2025-05-25,Dropped Out,78,5000,3804.93,CSR,4,2025,0
BEN-0761,46,Female,Uttar Pradesh,Women Empowerment,2025-05-28,Completed,62,10000,9440.7,CSR,1,2025,1
BEN-0762,49,Female,Maharashtra,Women Empowerment,2022-08-23,Completed,53,20000,16716.67,None,5,2022,1
BEN-0763,36,Male,Delhi,Skill Development,2022-12-02,Completed,91,15000,15129.62,Individual,2,2022,1
BEN-0764,38,Male,Maharashtra,Women Empowerment,2023-09-30,Completed,94,15000,11465.12,None,5,2023,1
BEN-0765,22,Female,Uttar Pradesh,Education,2022-08-10,Completed,59,10000,9467.19,Individual,5,2022,1
BEN-0766,35,Female,Karnataka,Skill Development,2025-03-31,Completed,80,5000,4159.82,Individual,4,2025,1
BEN-0767,45,Male,Karnataka,Education,2022-02-22,Completed,90,10000,9898.03,Individual,2,2022,1
BEN-0768,59,Female,Uttar Pradesh,Education,2023-10-01,Ongoing,57,10000,8810.85,CSR,5,2023,0
BEN-0769,39,Male,Delhi,Skill Development,2025-03-25,Completed,52,10000,8700.07,None,2,2025,1
BEN-0770,38,Female,Karnataka,Women Empowerment,2025-10-19,Completed,97,10000,8819.21,None,3,2025,1
BEN-0771,23,Female,West Bengal,Education,2024-02-08,Completed,95,20000,20738.87,None,3,2024,1
BEN-0772,18,Male,Karnataka,Education,2024-03-23,Completed,58,20000,17034.22,Individual,3,2024,1
BEN-0773,22,Female,West Bengal,Education,2023-02-11,Completed,79,5000,4030.23,CSR,5,2023,1
BEN-0774,58,Female,Uttar Pradesh,Education,2022-06-05,Ongoing,60,10000,9576.21,Corporate,3,2022,0
BEN-0775,29,Female,Uttar Pradesh,Skill Development,2025-04-27,Dropped Out,84,20000,17204.08,Corporate,4,2025,0
BEN-0776,43,Female,Karnataka,Skill Development,2025-11-15,Completed,86,5000,4945.94,Individual,4,2025,1
BEN-0777,51,Male,Maharashtra,Health Awareness,2025-07-08,Completed,91,10000,8300.16,None,5,2025,1
BEN-0778,31,Female,West Bengal,Health Awareness,2023-05-13,Completed,62,15000,11621.75,CSR,2,2023,1
BEN-0779,43,Male,Delhi,Education,2022-07-28,Dropped Out,85,20000,17547.0,None,1,2022,0
BEN-0780,44,Male,Karnataka,Women Empowerment,2025-11-28,Completed,62,5000,4395.91,Corporate,2,2025,1
BEN-0781,26,Male,Delhi,Education,2023-09-10,Completed,61,15000,15727.94,Individual,2,2023,1
BEN-0782,43,Female,Karnataka,Women Empowerment,2025-11-02,Completed,86,10000,8041.37,None,2,2025,1
BEN-0783,39,Female,Maharashtra,Education,2025-05-14,Completed,59,10000,8381.3,Individual,2,2025,1
BEN-0784,47,Male,Maharashtra,Health Awareness,2022-09-05,Completed,58,10000,7807.79,None,1,2022,1
BEN-0785,34,Male,Maharashtra,Health Awareness,2025-03-05,Ongoing,56,20000,16967.52,None,3,2025,0
BEN-0786,43,Male,Maharashtra,Women Empowerment,2022-03-26,Completed,51,5000,4193.46,Individual,2,2022,1
BEN-0787,53,Female,Uttar Pradesh,Education,2023-12-13,Completed,72,15000,13256.62,None,4,2023,1
BEN-0788,18,Female,Uttar Pradesh,Women Empowerment,2024-12-27,Completed,88,5000,4826.49,CSR,5,2024,1
BEN-0789,25,Male,West Bengal,Health Awareness,2024-05-27,Dropped Out,89,20000,15999.87,Individual,5,2024,0
BEN-0790,52,Male,Delhi,Education,2025-09-16,Ongoing,88,5000,4415.86,None,4,2025,0
BEN-0791,32,Male,Karnataka,Education,2024-01-29,Completed,70,20000,17682.78,Individual,2,2024,1
BEN-0792,39,Male,Karnataka,Women Empowerment,2022-05-22,Dropped Out,72,10000,9680.44,None,1,2022,0
BEN-0793,31,Male,Uttar Pradesh,Skill Development,2024-11-02,Completed,78,15000,15352.23,None,3,2024,1
BEN-0794,43,Female,Karnataka,Women Empowerment,2025-08-19,Completed,63,10000,9344.55,None,5,2025,1
BEN-0795,45,Female,Uttar Pradesh,Health Awareness,2023-11-30,Completed,75,5000,4402.41,CSR,3,2023,1
BEN-0796,40,Female,West Bengal,Health Awareness,2022-01-26,Completed,54,10000,9418.41,Corporate,1,2022,1
BEN-0797,31,Female,Delhi,Health Awareness,2024-05-10,Completed,80,15000,14811.65,None,5,2024,1
BEN-0798,41,Male,West Bengal,Health Awareness,2024-09-30,Completed,74,10000,7672.07,Individual,3,2024,1
BEN-0799,19,Female,Maharashtra,Health Awareness,2022-08-05,Completed,80,15000,14270.33,CSR,1,2022,1
BEN-0800,43,Female,Maharashtra,Skill Development,2024-06-06,Ongoing,99,15000,13077.95,CSR,3,2024,0
BEN-0801,31,Female,Maharashtra,Education,2024-01-12,Completed,69,10000,9039.26,Individual,2,2024,1
BEN-0802,24,Female,West Bengal,Women Empowerment,2025-07-25,Completed,93,20000,19499.39,Corporate,1,2025,1
BEN-0803,20,Female,Karnataka,Women Empowerment,2024-07-30,Completed,66,5000,3989.98,None,3,2024,1
BEN-0804,40,Female,Delhi,Health Awareness,2025-12-19,Completed,94,20000,15186.84,None,2,2025,1
BEN-0805,35,Male,Maharashtra,Women Empowerment,2022-11-10,Completed,51,20000,20092.02,Individual,2,2022,1
BEN-0806,55,Female,Maharashtra,Health Awareness,2024-06-10,Completed,74,10000,9534.27,Individual,1,2024,1
BEN-0807,52,Male,Maharashtra,Skill Development,2022-12-27,Ongoing,62,5000,4407.26,Individual,4,2022,0
BEN-0808,32,Female,Delhi,Skill Development,2024-12-04,Completed,88,5000,3939.35,None,5,2024,1
BEN-0809,42,Female,Maharashtra,Education,2025-08-25,Completed,77,20000,16415.97,Individual,1,2025,1
BEN-0810,54,Female,Delhi,Skill Development,2023-07-08,Dropped Out,91,10000,9435.49,None,2,2023,0
BEN-0811,45,Male,Maharashtra,Skill Development,2025-06-15,Completed,55,5000,4293.23,Individual,2,2025,1
BEN-0812,27,Male,West Bengal,Education,2025-01-07,Completed,52,20000,20696.8,None,1,2025,1
BEN-0813,56,Female,West Bengal,Women Empowerment,2024-09-17,Completed,84,5000,3798.58,Corporate,4,2024,1
BEN-0814,34,Female,Delhi,Health Awareness,2024-08-10,Completed,67,10000,7960.31,None,5,2024,1
BEN-0815,56,Male,West Bengal,Health Awareness,2024-06-11,Completed,60,10000,8849.77,Individual,3,2024,1
BEN-0816,39,Female,Delhi,Women Empowerment,2025-04-28,Completed,69,10000,8612.89,None,1,2025,1
BEN-0817,43,Female,West Bengal,Education,2023-07-04,Completed,54,5000,4415.91,Individual,5,2023,1
BEN-0818,42,Male,West Bengal,Women Empowerment,2023-10-23,Completed,68,15000,11595.98,None,5,2023,1
BEN-0819,34,Male,Delhi,Skill Development,2023-05-18,Dropped Out,71,5000,3956.54,None,2,2023,0
BEN-0820,30,Female,Karnataka,Education,2022-06-27,Completed,68,15000,12901.27,Individual,3,2022,1
BEN-0821,37,Male,West Bengal,Education,2023-07-26,Completed,96,10000,8443.16,None,1,2023,1
BEN-0822,42,Male,Maharashtra,Education,2024-07-12,Dropped Out,65,20000,16672.14,CSR,2,2024,0
BEN-0823,21,Female,Karnataka,Health Awareness,2023-05-15,Completed,73,15000,15572.34,Individual,2,2023,1
BEN-0824,27,Male,Delhi,Women Empowerment,2024-08-09,Completed,90,10000,7577.74,Corporate,4,2024,1
BEN-0825,20,Male,Karnataka,Education,2025-03-13,Ongoing,53,10000,8058.14,Individual,5,2025,0
BEN-0826,58,Female,Uttar Pradesh,Education,2025-06-03,Completed,64,15000,13579.85,None,1,2025,1
BEN-0827,35,Female,Uttar Pradesh,Education,2025-09-30,Completed,74,20000,20481.26,None,1,2025,1
BEN-0828,53,Female,West Bengal,Women Empowerment,2024-02-16,Dropped Out,93,10000,7853.28,Individual,1,2024,0
BEN-0829,39,Male,West Bengal,Health Awareness,2023-11-20,Completed,84,15000,14737.34,CSR,2,2023,1
BEN-0830,51,Female,Maharashtra,Skill Development,2022-02-28,Completed,63,20000,19224.23,None,4,2022,1
BEN-0831,25,Male,Karnataka,Health Awareness,2024-10-09,Completed,98,20000,16287.42,None,3,2024,1
BEN-0832,57,Male,Uttar Pradesh,Education,2023-10-28,Completed,68,10000,9335.63,CSR,2,2023,1
BEN-0833,36,Female,West Bengal,Health Awareness,2023-01-08,Completed,87,5000,4790.97,None,3,2023,1
BEN-0834,59,Male,Karnataka,Health Awareness,2024-09-25,Ongoing,85,5000,5247.94,CSR,4,2024,0
BEN-0835,58,Female,West Bengal,Skill Development,2023-03-11,Completed,56,10000,8100.54,Corporate,5,2023,1
BEN-0836,54,Male,West Bengal,Women Empowerment,2023-12-28,Dropped Out,79,20000,15814.37,None,1,2023,0
BEN-0837,23,Male,Uttar Pradesh,Women Empowerment,2023-06-14,Completed,68,10000,7722.16,Corporate,3,2023,1
BEN-0838,43,Female,Uttar Pradesh,Health Awareness,2023-11-29,Dropped Out,98,15000,12026.95,Corporate,2,2023,0
BEN-0839,51,Female,West Bengal,Health Awareness,2023-07-27,Completed,74,5000,4820.05,Corporate,3,2023,1
BEN-0840,23,Female,Delhi,Women Empowerment,2025-05-05,Completed,65,15000,15737.68,None,5,2025,1
BEN-0841,54,Female,West Bengal,Women Empowerment,2025-12-07,Completed,96,10000,9931.54,None,1,2025,1
BEN-0842,50,Female,West Bengal,Skill Development,2023-07-20,Completed,89,10000,10402.68,Corporate,3,2023,1
BEN-0843,39,Female,Maharashtra,Education,2025-02-12,Completed,57,20000,20919.45,Corporate,5,2025,1
BEN-0844,38,Other,Maharashtra,Health Awareness,2022-01-21,Dropped Out,67,20000,19007.04,Corporate,2,2022,0
BEN-0845,23,Female,Maharashtra,Women Empowerment,2024-11-24,Dropped Out,77,20000,19257.24,CSR,4,2024,0
BEN-0846,23,Female,Delhi,Health Awareness,2023-01-27,Completed,65,15000,13724.99,Individual,2,2023,1
BEN-0847,21,Male,Delhi,Health Awareness,2022-06-25,Completed,68,20000,16742.17,None,1,2022,1
BEN-0848,47,Female,West Bengal,Women Empowerment,2023-05-10,Completed,91,10000,8399.87,Corporate,2,2023,1
BEN-0849,28,Male,Maharashtra,Skill Development,2024-04-12,Completed,66,20000,15945.03,Corporate,2,2024,1
BEN-0850,47,Male,Delhi,Health Awareness,2024-09-27,Completed,94,5000,4814.35,Individual,2,2024,1
BEN-0851,48,Male,Uttar Pradesh,Skill Development,2025-02-11,Dropped Out,62,20000,19201.32,Individual,2,2025,0
BEN-0852,41,Female,West Bengal,Women Empowerment,2023-05-08,Ongoing,56,15000,12033.41,None,1,2023,0
BEN-0853,26,Female,Karnataka,Education,2025-11-15,Completed,76,5000,4292.24,Corporate,5,2025,1
BEN-0854,20,Female,West Bengal,Education,2024-09-02,Completed,59,5000,4086.36,Individual,3,2024,1
BEN-0855,48,Male,Karnataka,Health Awareness,2025-08-15,Completed,83,5000,5227.7,Corporate,4,2025,1
BEN-0856,57,Female,Maharashtra,Women Empowerment,2025-12-28,Completed,85,15000,14814.3,Corporate,3,2025,1
BEN-0857,54,Female,Karnataka,Skill Development,2024-10-02,Completed,74,10000,8210.21,Individual,3,2024,1
BEN-0858,53,Other,Maharashtra,Health Awareness,2024-07-06,Completed,55,20000,17964.13,Corporate,4,2024,1
BEN-0859,41,Female,Uttar Pradesh,Women Empowerment,2022-02-05,Dropped Out,73,5000,4291.34,CSR,1,2022,0
BEN-0860,48,Female,Karnataka,Women Empowerment,2022-07-10,Completed,67,5000,4608.42,CSR,4,2022,1
BEN-0861,23,Female,West Bengal,Skill Development,2023-08-26,Completed,72,5000,4451.11,Corporate,1,2023,1
BEN-0862,19,Other,Maharashtra,Health Awareness,2023-03-30,Ongoing,55,10000,10449.04,Corporate,3,2023,0
BEN-0863,37,Female,West Bengal,Women Empowerment,2024-04-08,Dropped Out,78,10000,7889.31,None,1,2024,0
BEN-0864,45,Male,Delhi,Women Empowerment,2025-11-17,Completed,74,15000,15229.11,Corporate,5,2025,1
BEN-0865,28,Male,Maharashtra,Women Empowerment,2023-05-14,Completed,66,10000,7697.24,Individual,4,2023,1
BEN-0866,21,Female,Karnataka,Skill Development,2023-09-20,Completed,95,20000,17388.96,Individual,5,2023,1
BEN-0867,32,Male,Maharashtra,Health Awareness,2025-09-21,Dropped Out,73,15000,14476.2,Corporate,3,2025,0
BEN-0868,23,Female,West Bengal,Health Awareness,2025-04-06,Completed,60,15000,13403.99,None,4,2025,1
BEN-0869,47,Female,Uttar Pradesh,Health Awareness,2024-01-26,Completed,75,20000,17464.77,Individual,3,2024,1
BEN-0870,55,Male,Maharashtra,Health Awareness,2024-08-27,Completed,83,20000,17456.6,None,5,2024,1
BEN-0871,19,Male,Karnataka,Education,2025-02-07,Dropped Out,77,20000,18449.4,Individual,3,2025,0
BEN-0872,32,Male,Delhi,Education,2024-12-23,Completed,52,15000,11813.97,Corporate,4,2024,1
BEN-0873,28,Female,Uttar Pradesh,Health Awareness,2023-12-06,Completed,60,15000,12676.62,None,4,2023,1
BEN-0874,25,Female,Delhi,Skill Development,2024-05-21,Completed,87,15000,11583.74,Corporate,3,2024,1
BEN-0875,43,Female,Maharashtra,Education,2025-02-01,Completed,63,20000,17795.0,CSR,4,2025,1
BEN-0876,22,Female,West Bengal,Women Empowerment,2023-11-09,Completed,75,20000,18104.16,Individual,4,2023,1
BEN-0877,23,Female,West Bengal,Education,2023-12-22,Dropped Out,97,5000,3942.5,None,3,2023,0
BEN-0878,43,Female,Karnataka,Women Empowerment,2025-12-10,Ongoing,70,10000,9987.16,Individual,5,2025,0
BEN-0879,21,Female,West Bengal,Health Awareness,2024-07-18,Completed,88,5000,4576.96,None,4,2024,1
BEN-0880,36,Female,Uttar Pradesh,Education,2023-07-09,Completed,79,20000,18526.72,Individual,4,2023,1
BEN-0881,37,Female,West Bengal,Skill Development,2023-09-20,Completed,57,15000,14705.02,None,4,2023,1
BEN-0882,50,Female,Karnataka,Education,2023-05-30,Completed,69,20000,15774.2,Corporate,4,2023,1
BEN-0883,37,Male,Maharashtra,Education,2023-04-18,Completed,97,10000,9008.59,None,3,2023,1
BEN-0884,29,Female,Maharashtra,Education,2022-09-05,Ongoing,81,5000,5052.32,Corporate,5,2022,0
BEN-0885,18,Male,West Bengal,Health Awareness,2023-01-30,Completed,71,5000,4997.09,None,5,2023,1
BEN-0886,43,Male,Delhi,Skill Development,2023-10-09,Completed,56,15000,13581.46,Individual,1,2023,1
BEN-0887,31,Female,Maharashtra,Education,2022-09-02,Completed,58,5000,4206.19,Individual,4,2022,1
BEN-0888,55,Male,West Bengal,Skill Development,2025-01-02,Dropped Out,94,5000,3992.95,Corporate,4,2025,0
BEN-0889,54,Male,Karnataka,Health Awareness,2025-11-14,Completed,50,20000,20608.43,Individual,1,2025,1
BEN-0890,28,Male,West Bengal,Women Empowerment,2023-01-15,Ongoing,78,5000,4088.21,Individual,5,2023,0
BEN-0891,53,Female,Maharashtra,Education,2023-01-28,Dropped Out,57,5000,5171.22,None,2,2023,0
BEN-0892,30,Female,Karnataka,Skill Development,2023-03-20,Completed,53,5000,4528.35,None,2,2023,1
BEN-0893,20,Female,West Bengal,Skill Development,2024-09-18,Completed,84,15000,12528.22,Corporate,5,2024,1
BEN-0894,50,Female,Uttar Pradesh,Health Awareness,2023-07-21,Completed,52,15000,11604.87,None,4,2023,1
BEN-0895,23,Male,Karnataka,Education,2025-04-22,Completed,94,20000,16177.81,CSR,2,2025,1
BEN-0896,27,Male,Uttar Pradesh,Women Empowerment,2024-12-10,Completed,89,5000,5184.53,Individual,3,2024,1
BEN-0897,22,Female,Delhi,Skill Development,2025-05-07,Completed,56,15000,12485.03,None,3,2025,1
BEN-0898,40,Male,Karnataka,Education,2023-08-03,Completed,76,15000,14062.6,None,1,2023,1
BEN-0899,27,Female,Uttar Pradesh,Women Empowerment,2022-07-25,Completed,50,20000,18686.57,None,5,2022,1
BEN-0900,19,Female,Maharashtra,Skill Development,2023-02-02,Completed,76,10000,7780.29,Individual,5,2023,1
BEN-0901,30,Male,Maharashtra,Skill Development,2023-08-30,Dropped Out,65,5000,4711.48,None,2,2023,0
BEN-0902,57,Female,Delhi,Women Empowerment,2023-04-11,Completed,87,15000,13913.14,Individual,4,2023,1
BEN-0903,19,Female,Karnataka,Women Empowerment,2024-01-10,Completed,56,20000,18483.88,Individual,5,2024,1
BEN-0904,37,Female,Karnataka,Health Awareness,2023-01-03,Completed,93,20000,16027.2,Individual,2,2023,1
BEN-0905,18,Female,Karnataka,Education,2023-09-12,Completed,72,20000,18746.88,None,2,2023,1
BEN-0906,54,Male,Delhi,Education,2022-01-29,Completed,90,15000,15309.0,None,5,2022,1
BEN-0907,26,Male,Karnataka,Health Awareness,2025-12-21,Completed,60,5000,4256.43,None,2,2025,1
BEN-0908,34,Male,Maharashtra,Skill Development,2024-12-29,Completed,91,10000,10271.79,CSR,1,2024,1
BEN-0909,26,Male,Uttar Pradesh,Women Empowerment,2022-09-17,Completed,82,5000,3811.79,Corporate,1,2022,1
BEN-0910,28,Female,Maharashtra,Women Empowerment,2023-07-16,Completed,99,20000,20182.69,Individual,5,2023,1
BEN-0911,32,Female,Maharashtra,Women Empowerment,2022-04-04,Completed,85,20000,15487.34,Individual,4,2022,1
BEN-0912,41,Male,Uttar Pradesh,Skill Development,2022-04-22,Completed,86,10000,10345.64,Corporate,1,2022,1
BEN-0913,55,Female,Maharashtra,Women Empowerment,2025-02-07,Completed,90,5000,4906.53,None,1,2025,1
BEN-0914,52,Male,Delhi,Women Empowerment,2023-08-22,Completed,66,20000,16587.94,CSR,5,2023,1
BEN-0915,47,Male,Uttar Pradesh,Health Awareness,2025-11-29,Completed,84,20000,16264.85,Individual,3,2025,1
BEN-0916,48,Female,Maharashtra,Skill Development,2022-09-16,Completed,97,5000,4608.21,Individual,2,2022,1
BEN-0917,22,Male,West Bengal,Education,2025-07-30,Completed,54,20000,18708.65,Individual,1,2025,1
BEN-0918,31,Male,Maharashtra,Health Awareness,2024-10-02,Completed,97,5000,3795.43,Corporate,3,2024,1
BEN-0919,28,Male,Delhi,Health Awareness,2022-07-30,Completed,81,20000,20333.98,None,4,2022,1
BEN-0920,26,Female,Karnataka,Education,2022-01-26,Dropped Out,52,5000,4568.37,None,3,2022,0
BEN-0921,51,Female,Maharashtra,Health Awareness,2025-03-21,Dropped Out,96,10000,9425.72,None,5,2025,0
BEN-0922,29,Female,Karnataka,Skill Development,2023-08-06,Completed,84,20000,16812.56,Corporate,4,2023,1
BEN-0923,52,Female,West Bengal,Women Empowerment,2024-08-19,Completed,63,10000,8234.63,Corporate,4,2024,1
BEN-0924,52,Female,Maharashtra,Skill Development,2024-09-07,Completed,97,20000,19844.1,Individual,3,2024,1
BEN-0925,18,Male,Uttar Pradesh,Education,2024-06-21,Completed,80,20000,17436.56,None,5,2024,1
BEN-0926,57,Female,Karnataka,Education,2023-11-29,Completed,80,15000,13290.95,None,1,2023,1
BEN-0927,39,Male,West Bengal,Health Awareness,2023-01-13,Completed,66,5000,4782.92,Individual,3,2023,1
BEN-0928,46,Male,Uttar Pradesh,Skill Development,2022-04-16,Completed,73,10000,7974.24,CSR,1,2022,1
BEN-0929,25,Male,Uttar Pradesh,Skill Development,2023-06-02,Ongoing,72,10000,8746.87,Corporate,3,2023,0
BEN-0930,28,Female,Uttar Pradesh,Education,2024-09-05,Completed,67,10000,8893.33,None,1,2024,1
BEN-0931,58,Male,Uttar Pradesh,Skill Development,2022-08-22,Completed,99,5000,4260.29,None,3,2022,1
BEN-0932,54,Female,Maharashtra,Education,2022-05-14,Completed,63,15000,11896.51,CSR,4,2022,1
BEN-0933,31,Female,Maharashtra,Skill Development,2024-03-31,Completed,99,10000,10084.46,CSR,2,2024,1
BEN-0934,47,Male,Maharashtra,Skill Development,2024-10-04,Completed,64,5000,4228.97,Individual,4,2024,1
BEN-0935,52,Female,West Bengal,Skill Development,2022-06-01,Completed,64,20000,20928.14,Individual,1,2022,1
BEN-0936,38,Female,West Bengal,Education,2025-03-27,Dropped Out,55,10000,8536.11,Individual,5,2025,0
BEN-0937,54,Male,West Bengal,Health Awareness,2025-07-13,Completed,76,10000,8696.15,Individual,4,2025,1
BEN-0938,22,Female,Delhi,Skill Development,2025-11-06,Completed,64,15000,14672.99,None,2,2025,1
BEN-0939,36,Female,West Bengal,Education,2022-04-20,Dropped Out,99,10000,9044.94,None,1,2022,0
BEN-0940,31,Female,Maharashtra,Education,2022-11-07,Completed,85,10000,7818.55,Individual,4,2022,1
BEN-0941,43,Male,Maharashtra,Skill Development,2022-11-02,Ongoing,57,20000,16450.43,None,3,2022,0
BEN-0942,21,Male,Delhi,Skill Development,2025-02-26,Completed,64,5000,3933.78,Individual,5,2025,1
BEN-0943,42,Female,Delhi,Health Awareness,2023-09-15,Completed,52,5000,4424.39,Corporate,1,2023,1
BEN-0944,59,Female,West Bengal,Education,2022-06-24,Completed,96,15000,11883.95,Individual,4,2022,1
BEN-0945,42,Female,Karnataka,Education,2023-05-24,Completed,62,20000,15303.63,Corporate,1,2023,1
BEN-0946,35,Female,Delhi,Women Empowerment,2022-08-31,Completed,90,5000,5168.08,Individual,3,2022,1
BEN-0947,57,Male,Uttar Pradesh,Education,2025-02-16,Completed,83,20000,20184.98,Corporate,2,2025,1
BEN-0948,25,Female,Maharashtra,Health Awareness,2024-05-02,Dropped Out,73,5000,4377.2,Corporate,4,2024,0
BEN-0949,56,Female,Uttar Pradesh,Women Empowerment,2025-05-26,Dropped Out,89,20000,20776.12,None,1,2025,0
BEN-0950,57,Male,Maharashtra,Women Empowerment,2025-05-05,Completed,81,15000,15310.4,Individual,1,2025,1
BEN-0951,31,Male,Maharashtra,Women Empowerment,2025-06-20,Completed,81,10000,9940.43,Individual,1,2025,1
BEN-0952,49,Male,Delhi,Skill Development,2023-04-08,Completed,79,15000,15451.88,Individual,2,2023,1
BEN-0953,55,Female,Delhi,Skill Development,2024-12-06,Completed,98,5000,4831.69,None,1,2024,1
BEN-0954,50,Female,Uttar Pradesh,Education,2024-02-19,Completed,62,15000,12104.25,Individual,5,2024,1
BEN-0955,40,Female,Maharashtra,Women Empowerment,2024-07-11,Completed,50,10000,7978.03,None,5,2024,1
BEN-0956,32,Female,Uttar Pradesh,Health Awareness,2024-06-25,Completed,83,15000,15731.86,CSR,1,2024,1
BEN-0957,50,Male,Karnataka,Skill Development,2023-09-01,Completed,64,5000,4450.22,CSR,5,2023,1
BEN-0958,42,Male,Uttar Pradesh,Health Awareness,2025-04-20,Ongoing,93,5000,5068.61,CSR,4,2025,0
BEN-0959,34,Male,West Bengal,Health Awareness,2024-05-28,Completed,63,15000,13488.17,Individual,5,2024,1
BEN-0960,50,Male,Uttar Pradesh,Skill Development,2023-09-18,Completed,78,10000,7770.15,Individual,1,2023,1
BEN-0961,19,Female,West Bengal,Skill Development,2025-03-10,Completed,83,15000,13019.59,Corporate,3,2025,1
BEN-0962,31,Male,West Bengal,Skill Development,2025-06-25,Completed,67,10000,8871.69,CSR,4,2025,1
BEN-0963,57,Female,West Bengal,Skill Development,2022-05-04,Completed,56,20000,16444.37,Individual,2,2022,1
BEN-0964,57,Female,Karnataka,Women Empowerment,2025-06-02,Completed,78,10000,9250.03,Individual,1,2025,1
BEN-0965,56,Female,Uttar Pradesh,Women Empowerment,2022-07-23,Dropped Out,80,20000,15291.95,None,2,2022,0
BEN-0966,23,Female,Uttar Pradesh,Women Empowerment,2023-03-02,Completed,74,15000,12516.1,Individual,3,2023,1
BEN-0967,23,Female,Karnataka,Women Empowerment,2025-07-05,Completed,87,10000,9292.56,None,2,2025,1
BEN-0968,20,Male,Maharashtra,Education,2023-03-09,Ongoing,63,20000,20057.1,None,1,2023,0
BEN-0969,24,Female,Delhi,Women Empowerment,2023-06-26,Dropped Out,57,20000,19035.12,Individual,1,2023,0
BEN-0970,25,Female,Uttar Pradesh,Skill Development,2025-09-14,Completed,76,20000,16714.49,Individual,3,2025,1
BEN-0971,59,Female,Delhi,Health Awareness,2022-06-16,Completed,51,5000,3762.27,Individual,1,2022,1
BEN-0972,32,Male,Karnataka,Women Empowerment,2022-11-18,Completed,66,15000,11733.74,None,3,2022,1
BEN-0973,46,Male,Maharashtra,Education,2023-05-07,Completed,86,20000,15803.61,None,3,2023,1
BEN-0974,50,Male,Maharashtra,Skill Development,2022-12-22,Completed,63,10000,8293.42,None,1,2022,1
BEN-0975,47,Female,Maharashtra,Health Awareness,2025-02-04,Completed,74,20000,17194.67,None,5,2025,1
BEN-0976,56,Male,Karnataka,Health Awareness,2022-06-03,Completed,79,5000,4354.88,None,3,2022,1
BEN-0977,44,Female,West Bengal,Women Empowerment,2022-11-17,Completed,78,15000,11453.59,Individual,1,2022,1
BEN-0978,53,Male,West Bengal,Health Awareness,2022-01-06,Completed,69,5000,3826.74,Individual,5,2022,1
BEN-0979,46,Male,Delhi,Women Empowerment,2024-04-16,Completed,70,5000,4592.73,None,3,2024,1
BEN-0980,55,Female,West Bengal,Women Empowerment,2024-07-11,Completed,71,5000,4293.79,Individual,5,2024,1
BEN-0981,50,Female,West Bengal,Skill Development,2025-11-12,Completed,84,10000,8365.81,Individual,4,2025,1
BEN-0982,54,Female,Maharashtra,Skill Development,2025-05-01,Completed,86,15000,12988.57,None,4,2025,1
BEN-0983,44,Female,Maharashtra,Education,2024-08-20,Completed,65,15000,13276.59,Corporate,5,2024,1
BEN-0984,50,Female,Delhi,Skill Development,2023-08-20,Completed,99,10000,9149.57,None,3,2023,1
BEN-0985,21,Male,Uttar Pradesh,Skill Development,2022-03-08,Completed,98,15000,14963.9,None,1,2022,1
BEN-0986,39,Female,Delhi,Women Empowerment,2023-04-20,Completed,92,5000,4684.86,Individual,2,2023,1
BEN-0987,19,Female,Delhi,Skill Development,2023-08-14,Completed,66,15000,13999.69,None,1,2023,1
BEN-0988,27,Female,Karnataka,Women Empowerment,2025-12-18,Dropped Out,65,10000,7885.99,Individual,2,2025,0
BEN-0989,22,Female,Karnataka,Women Empowerment,2023-08-03,Dropped Out,51,5000,3895.02,Corporate,2,2023,0
BEN-0990,27,Male,Delhi,Skill Development,2025-12-10,Completed,53,10000,8619.6,Corporate,3,2025,1
BEN-0991,50,Female,Delhi,Education,2024-07-18,Completed,70,20000,20920.73,Individual,5,2024,1
BEN-0992,55,Male,Delhi,Education,2022-05-26,Completed,88,5000,4586.75,Corporate,1,2022,1
BEN-0993,30,Male,West Bengal,Health Awareness,2025-11-08,Completed,83,5000,4298.41,Individual,5,2025,1
BEN-0994,48,Male,Karnataka,Health Awareness,2023-04-24,Completed,79,15000,11899.2,Corporate,4,2023,1
BEN-0995,53,Male,Delhi,Skill Development,2023-06-26,Ongoing,55,5000,4653.69,Corporate,3,2023,0
BEN-0996,41,Female,Maharashtra,Education,2025-07-04,Completed,66,10000,8704.16,None,3,2025,1
BEN-0997,32,Male,Maharashtra,Women Empowerment,2025-04-22,Completed,88,15000,11431.15,None,4,2025,1
BEN-0998,46,Female,West Bengal,Health Awareness,2025-09-16,Dropped Out,74,20000,15233.48,Individual,1,2025,0
BEN-0999,25,Female,West Bengal,Women Empowerment,2023-02-10,Ongoing,54,10000,9640.78,Corporate,4,2023,0
BEN-1000,22,Male,Uttar Pradesh,Health Awareness,2024-05-20,Dropped Out,54,20000,19823.8,Corporate,1,2024,0
